Customer ID,Customer Age,Gender,Purchase Date,Product Category,Product Price,Quantity,Total Purchase Amount,Payment Method,Returns,Churn
CUST00001,36,Male,2023-06-28,Ski Equipment,702.35,2,1404.7,Debit Card,1,1
CUST00002,35,Male,2025-05-09,Backpacks,218.37,2,436.74,Credit Card,0,0
CUST00003,59,Female,2024-11-20,Ski Apparel,112.86,3,338.58,Credit Card,0,0
CUST00004,38,Male,2023-09-13,Ski Equipment,182.59,1,182.59,Invoice,0,0
CUST00005,45,Female,2024-04-11,Backpacks,261.37,1,261.37,PayPal,0,0
CUST00006,23,Female,2023-11-30,Hiking Apparel,121.61,2,243.22,Debit Card,0,0
CUST00007,53,Female,2025-02-16,Trail Running Shoes,202.08,1,202.08,Credit Card,0,0
CUST00008,31,Male,2023-03-07,Ski Apparel,321.23,1,321.23,TWINT,0,1
CUST00009,51,Female,2025-07-28,Ski Equipment,524.42,3,1573.26,Credit Card,0,0
CUST00010,29,Female,2025-01-11,Base Layers,81.41,1,81.41,Credit Card,0,0
CUST00011,41,Male,2023-05-11,Tents & Sleeping,491.88,1,491.88,Debit Card,0,0
CUST00012,40,Male,2023-08-23,Backpacks,332.73,2,665.46,PayPal,0,0
CUST00013,34,Male,2024-06-23,Hiking Apparel,211.69,3,635.07,Invoice,0,0
CUST00014,33,Male,2024-02-12,Tents & Sleeping,517.67,1,517.67,Credit Card,0,0
CUST00015,40,Male,2024-09-21,Ski Apparel,66.62,3,199.86,Credit Card,0,0
CUST00016,23,Male,2025-12-26,Base Layers,127.92,4,511.68,PayPal,1,0
CUST00017,29,Female,2024-02-16,Hiking Apparel,78.12,1,78.12,PayPal,0,0
CUST00018,35,Male,2023-05-12,Accessories,41.6,1,41.6,Credit Card,0,0
CUST00019,38,Female,2023-05-26,Ski Equipment,829.07,2,1658.14,Debit Card,0,0
CUST00020,42,Female,2024-05-12,Base Layers,135.89,1,135.89,PayPal,0,1
CUST00021,48,Male,2023-07-21,Climbing Gear,372.67,2,745.34,Credit Card,0,0
CUST00022,45,Male,2024-01-11,Trail Running Shoes,175.08,1,175.08,Credit Card,0,0
CUST00023,16,Female,2023-07-11,Hiking Footwear,279.86,2,559.72,TWINT,0,1
CUST00024,46,Female,2025-02-15,Ski Equipment,450.78,1,450.78,Credit Card,0,0
CUST00025,40,Female,2025-09-23,Base Layers,124.0,2,248.0,Credit Card,0,0
CUST00026,28,Female,2025-09-03,Backpacks,274.39,1,274.39,Debit Card,0,1
CUST00027,42,Male,2023-09-03,Backpacks,252.56,1,252.56,TWINT,0,0
CUST00028,36,Male,2024-10-09,Hiking Footwear,211.47,1,211.47,TWINT,0,0
CUST00029,38,Female,2023-05-29,Ski Apparel,167.5,2,335.0,Credit Card,0,0
CUST00030,50,Male,2024-12-15,Backpacks,201.77,1,201.77,TWINT,0,0
CUST00031,50,Female,2023-01-17,Tents & Sleeping,593.36,2,1186.72,PayPal,0,0
CUST00032,57,Male,2023-11-15,Accessories,28.51,3,85.53,Credit Card,0,0
CUST00033,42,Male,2023-07-09,Climbing Gear,455.51,2,911.02,PayPal,0,1
CUST00034,54,Male,2025-06-23,Trail Running Shoes,237.17,1,237.17,Debit Card,0,1
CUST00035,60,Female,2023-10-31,Backpacks,300.38,1,300.38,Debit Card,1,0
CUST00036,49,Female,2024-05-26,Bike & MTB,70.32,1,70.32,PayPal,0,0
CUST00037,60,Female,2023-12-29,Navigation & Safety,86.29,1,86.29,TWINT,1,0
CUST00038,16,Male,2024-05-23,Navigation & Safety,244.63,2,489.26,Credit Card,0,1
CUST00039,54,Male,2024-04-11,Accessories,42.22,1,42.22,Credit Card,0,0
CUST00040,20,Male,2025-11-09,Hiking Footwear,234.67,1,234.67,Debit Card,0,0
CUST00041,43,Non-binary,2023-08-11,Trail Running Shoes,234.75,1,234.75,Debit Card,0,0
CUST00042,35,Male,2024-01-25,Bike & MTB,127.89,3,383.67,Credit Card,0,1
CUST00043,51,Female,2023-05-24,Base Layers,110.48,1,110.48,TWINT,0,0
CUST00044,31,Female,2025-04-16,Trail Running Shoes,226.01,1,226.01,Credit Card,0,0
CUST00045,44,Male,2025-04-11,Base Layers,50.88,1,50.88,Debit Card,1,1
CUST00046,54,Male,2025-06-24,Backpacks,246.41,1,246.41,PayPal,0,0
CUST00047,56,Female,2023-07-11,Ski Equipment,647.89,1,647.89,TWINT,0,0
CUST00048,33,Male,2025-08-31,Ski Equipment,168.32,1,168.32,PayPal,0,0
CUST00049,49,Female,2023-01-12,Hiking Apparel,111.94,1,111.94,TWINT,0,0
CUST00050,27,Female,2025-08-09,Ski Equipment,753.08,2,1506.16,Credit Card,0,0
CUST00051,17,Female,2025-06-25,Bike & MTB,492.54,3,1477.62,PayPal,0,0
CUST00052,43,Female,2025-08-30,Backpacks,319.16,2,638.32,Debit Card,0,0
CUST00053,34,Female,2024-04-25,Ski Equipment,479.9,2,959.8,Credit Card,0,0
CUST00054,58,Male,2023-05-12,Ski Equipment,670.46,2,1340.92,Debit Card,0,0
CUST00055,58,Male,2025-02-18,Base Layers,143.53,1,143.53,Debit Card,0,0
CUST00056,46,Male,2024-03-27,Accessories,68.5,1,68.5,Debit Card,0,0
CUST00057,24,Female,2025-12-29,Base Layers,130.86,3,392.58,Credit Card,0,0
CUST00058,49,Male,2023-04-13,Tents & Sleeping,150.56,1,150.56,Credit Card,0,0
CUST00059,25,Male,2025-08-21,Bike & MTB,360.39,2,720.78,Credit Card,0,0
CUST00060,59,Male,2023-03-05,Tents & Sleeping,486.24,2,972.48,TWINT,0,1
CUST00061,41,Female,2025-01-25,Backpacks,115.39,2,230.78,Credit Card,0,0
CUST00062,43,Male,2023-02-22,Accessories,77.53,1,77.53,TWINT,0,0
CUST00063,17,Male,2024-09-09,Backpacks,299.17,1,299.17,TWINT,0,1
CUST00064,58,Non-binary,2025-01-28,Accessories,34.3,1,34.3,Credit Card,0,1
CUST00065,25,Male,2023-11-10,Hiking Apparel,200.48,1,200.48,Debit Card,0,0
CUST00066,44,Male,2025-06-11,Accessories,47.67,1,47.67,TWINT,0,0
CUST00067,38,Male,2025-02-15,Hiking Apparel,175.09,1,175.09,Credit Card,0,0
CUST00068,66,Female,2024-07-19,Ski Apparel,147.84,1,147.84,Debit Card,0,0
CUST00069,38,Female,2025-07-06,Ski Equipment,507.07,2,1014.14,PayPal,0,0
CUST00070,50,Female,2025-12-23,Ski Apparel,257.73,1,257.73,Credit Card,0,0
CUST00071,30,Male,2024-01-15,Ski Equipment,690.96,1,690.96,Credit Card,0,0
CUST00072,48,Female,2024-02-02,Base Layers,101.61,4,406.44,Credit Card,0,0
CUST00073,36,Male,2025-10-02,Hiking Footwear,138.43,3,415.29,Credit Card,1,1
CUST00074,31,Female,2025-09-05,Ski Apparel,388.27,1,388.27,Credit Card,1,0
CUST00075,21,Male,2024-05-23,Accessories,76.44,1,76.44,Credit Card,0,0
CUST00076,29,Female,2025-06-25,Ski Equipment,541.93,1,541.93,Credit Card,0,0
CUST00077,34,Non-binary,2024-06-25,Hiking Footwear,232.55,1,232.55,PayPal,1,1
CUST00078,36,Male,2024-08-19,Hiking Footwear,170.1,1,170.1,Credit Card,0,0
CUST00079,40,Male,2024-02-10,Ski Equipment,743.44,1,743.44,Debit Card,0,0
CUST00080,34,Female,2024-09-21,Accessories,15.0,1,15.0,Debit Card,0,0
CUST00081,25,Male,2025-06-15,Hiking Apparel,89.0,1,89.0,Credit Card,1,0
CUST00082,43,Male,2023-02-12,Ski Equipment,218.5,4,874.0,Invoice,0,0
CUST00083,57,Female,2025-06-11,Tents & Sleeping,556.36,1,556.36,PayPal,0,1
CUST00084,43,Male,2024-11-06,Ski Apparel,287.85,2,575.7,Debit Card,0,0
CUST00085,21,Male,2025-04-07,Hiking Footwear,130.48,1,130.48,TWINT,0,1
CUST00086,49,Female,2025-10-17,Climbing Gear,55.48,1,55.48,PayPal,0,0
CUST00087,16,Male,2024-05-05,Base Layers,44.57,4,178.28,PayPal,0,1
CUST00088,29,Male,2023-08-29,Ski Equipment,781.05,1,781.05,PayPal,0,0
CUST00089,33,Male,2023-10-24,Climbing Gear,251.94,1,251.94,Debit Card,0,0
CUST00090,56,Female,2025-04-29,Accessories,29.34,2,58.68,Credit Card,0,0
CUST00091,57,Female,2025-07-03,Backpacks,247.98,2,495.96,Debit Card,0,0
CUST00092,38,Female,2024-05-04,Hiking Apparel,97.92,1,97.92,Debit Card,0,0
CUST00093,57,Female,2023-11-08,Accessories,37.03,2,74.06,Debit Card,1,0
CUST00094,43,Female,2025-12-13,Accessories,71.19,1,71.19,TWINT,1,1
CUST00095,59,Male,2025-03-25,Accessories,28.55,1,28.55,PayPal,0,0
CUST00096,16,Female,2025-09-26,Hiking Apparel,97.0,2,194.0,TWINT,1,1
CUST00097,19,Non-binary,2023-07-25,Base Layers,82.08,1,82.08,Debit Card,0,0
CUST00098,18,Male,2023-10-26,Accessories,30.54,1,30.54,Credit Card,0,0
CUST00099,41,Female,2023-10-21,Hiking Apparel,162.96,1,162.96,Credit Card,0,0
CUST00100,44,Female,2023-11-20,Accessories,42.57,1,42.57,Credit Card,0,0
CUST00101,28,Female,2025-09-16,Hiking Apparel,94.38,4,377.52,Credit Card,0,0
CUST00102,67,Male,2025-03-21,Base Layers,32.63,2,65.26,Credit Card,0,0
CUST00103,37,Female,2024-04-16,Climbing Gear,454.95,1,454.95,PayPal,0,0
CUST00104,34,Female,2023-10-08,Base Layers,116.51,2,233.02,PayPal,0,0
CUST00105,33,Female,2025-04-30,Base Layers,40.82,1,40.82,Credit Card,1,0
CUST00106,50,Non-binary,2024-06-10,Backpacks,324.05,2,648.1,TWINT,0,0
CUST00107,31,Female,2024-04-07,Climbing Gear,65.39,2,130.78,TWINT,0,0
CUST00108,61,Non-binary,2023-01-29,Accessories,35.6,2,71.2,Credit Card,0,0
CUST00109,37,Male,2025-08-23,Tents & Sleeping,273.17,2,546.34,Credit Card,0,0
CUST00110,28,Female,2024-09-10,Ski Equipment,197.41,2,394.82,PayPal,0,1
CUST00111,75,Male,2025-01-29,Ski Equipment,553.16,1,553.16,PayPal,0,0
CUST00112,47,Male,2023-07-22,Base Layers,48.54,1,48.54,TWINT,0,0
CUST00113,34,Male,2025-01-22,Hiking Apparel,82.5,1,82.5,Debit Card,0,0
CUST00114,56,Male,2025-07-20,Trail Running Shoes,117.1,2,234.2,Credit Card,0,0
CUST00115,41,Male,2024-02-29,Bike & MTB,638.1,1,638.1,Debit Card,0,0
CUST00116,37,Female,2023-10-24,Accessories,51.72,1,51.72,Invoice,0,0
CUST00117,56,Male,2023-02-02,Hiking Apparel,181.92,1,181.92,Credit Card,1,0
CUST00118,53,Female,2025-11-17,Base Layers,87.15,2,174.3,Debit Card,0,0
CUST00119,23,Female,2023-03-05,Base Layers,66.2,1,66.2,Credit Card,0,0
CUST00120,25,Female,2023-06-15,Climbing Gear,457.56,1,457.56,Credit Card,0,0
CUST00121,26,Female,2025-11-01,Hiking Apparel,147.53,1,147.53,PayPal,1,0
CUST00122,26,Female,2024-03-16,Tents & Sleeping,479.86,2,959.72,Debit Card,0,0
CUST00123,43,Female,2023-11-09,Ski Apparel,166.26,1,166.26,PayPal,0,1
CUST00124,27,Male,2023-09-24,Hiking Apparel,174.03,1,174.03,Debit Card,0,0
CUST00125,35,Male,2023-04-16,Base Layers,120.03,2,240.06,Invoice,0,0
CUST00126,43,Female,2023-08-10,Ski Equipment,642.55,1,642.55,Debit Card,0,1
CUST00127,36,Male,2023-02-23,Backpacks,280.23,1,280.23,PayPal,0,0
CUST00128,46,Male,2024-12-19,Ski Equipment,721.81,3,2165.43,Credit Card,0,0
CUST00129,32,Female,2025-05-09,Hiking Footwear,229.22,1,229.22,Debit Card,1,0
CUST00130,41,Male,2023-11-15,Navigation & Safety,186.94,3,560.82,Credit Card,0,0
CUST00131,35,Female,2023-08-22,Hiking Apparel,89.17,2,178.34,Credit Card,0,0
CUST00132,55,Female,2023-04-23,Backpacks,142.53,1,142.53,Credit Card,0,0
CUST00133,43,Male,2025-02-17,Hiking Footwear,229.4,1,229.4,Debit Card,0,0
CUST00134,44,Female,2025-06-12,Ski Apparel,195.0,2,390.0,Credit Card,0,0
CUST00135,24,Female,2024-10-27,Hiking Apparel,60.73,1,60.73,Credit Card,0,0
CUST00136,30,Female,2025-06-11,Hiking Apparel,118.61,1,118.61,Debit Card,0,0
CUST00137,33,Male,2025-11-10,Trail Running Shoes,171.47,1,171.47,Credit Card,0,0
CUST00138,48,Non-binary,2024-06-08,Tents & Sleeping,156.8,1,156.8,Credit Card,0,0
CUST00139,33,Female,2025-07-08,Climbing Gear,384.59,2,769.18,PayPal,0,0
CUST00140,31,Non-binary,2025-06-19,Ski Apparel,390.13,1,390.13,Credit Card,0,0
CUST00141,37,Female,2024-08-10,Ski Apparel,213.65,1,213.65,Credit Card,0,0
CUST00142,42,Female,2023-03-26,Climbing Gear,247.47,1,247.47,Debit Card,0,0
CUST00143,32,Male,2024-12-04,Hiking Footwear,100.7,3,302.1,Invoice,1,0
CUST00144,50,Male,2023-11-22,Base Layers,148.92,1,148.92,Debit Card,0,0
CUST00145,40,Male,2025-03-02,Tents & Sleeping,254.02,1,254.02,Credit Card,0,0
CUST00146,20,Female,2023-10-17,Accessories,33.34,1,33.34,TWINT,0,0
CUST00147,34,Female,2024-11-03,Hiking Footwear,191.78,1,191.78,TWINT,0,0
CUST00148,32,Female,2025-05-17,Base Layers,93.17,1,93.17,Debit Card,1,1
CUST00149,48,Female,2024-08-28,Trail Running Shoes,240.0,1,240.0,TWINT,1,0
CUST00150,34,Female,2023-09-26,Accessories,12.64,1,12.64,Debit Card,0,1
CUST00151,32,Female,2024-05-01,Base Layers,35.24,1,35.24,Invoice,0,0
CUST00152,22,Female,2025-08-18,Ski Equipment,329.38,4,1317.52,TWINT,0,0
CUST00153,26,Female,2023-11-28,Accessories,45.2,1,45.2,TWINT,0,1
CUST00154,32,Male,2023-07-30,Tents & Sleeping,534.54,1,534.54,PayPal,0,1
CUST00155,44,Male,2024-03-30,Climbing Gear,420.59,1,420.59,TWINT,0,0
CUST00156,41,Male,2023-06-17,Hiking Apparel,107.31,1,107.31,Debit Card,1,0
CUST00157,47,Female,2023-10-12,Trail Running Shoes,140.16,2,280.32,PayPal,0,0
CUST00158,23,Female,2025-12-16,Hiking Footwear,123.13,1,123.13,Debit Card,0,1
CUST00159,44,Female,2025-10-20,Tents & Sleeping,112.66,2,225.32,Debit Card,1,0
CUST00160,44,Male,2024-05-07,Trail Running Shoes,160.09,1,160.09,Debit Card,0,0
CUST00161,26,Non-binary,2023-02-11,Backpacks,285.92,1,285.92,Debit Card,0,0
CUST00162,36,Non-binary,2024-12-07,Ski Equipment,162.18,2,324.36,Credit Card,0,1
CUST00163,20,Male,2025-08-09,Ski Apparel,175.11,1,175.11,Invoice,0,1
CUST00164,28,Male,2024-02-17,Base Layers,143.23,1,143.23,Credit Card,0,1
CUST00165,51,Non-binary,2024-01-27,Backpacks,125.99,2,251.98,Credit Card,0,1
CUST00166,32,Female,2025-03-30,Ski Equipment,749.51,1,749.51,PayPal,0,0
CUST00167,51,Female,2025-05-19,Navigation & Safety,165.4,2,330.8,Credit Card,0,0
CUST00168,35,Female,2024-09-19,Ski Apparel,87.22,2,174.44,Debit Card,0,1
CUST00169,25,Female,2023-04-28,Accessories,53.04,1,53.04,Credit Card,0,0
CUST00170,42,Female,2025-06-16,Base Layers,144.33,1,144.33,Credit Card,1,0
CUST00171,30,Female,2025-01-31,Backpacks,253.72,3,761.16,Debit Card,1,1
CUST00172,46,Male,2023-02-23,Ski Apparel,154.75,4,619.0,PayPal,0,0
CUST00173,29,Male,2025-10-02,Hiking Apparel,219.35,1,219.35,Credit Card,0,1
CUST00174,34,Male,2024-10-16,Base Layers,149.67,2,299.34,PayPal,0,0
CUST00175,35,Male,2025-01-10,Base Layers,114.03,1,114.03,Debit Card,1,1
CUST00176,47,Male,2025-01-25,Accessories,11.84,1,11.84,Debit Card,0,1
CUST00177,41,Male,2025-04-18,Base Layers,87.44,1,87.44,TWINT,1,0
CUST00178,35,Female,2024-01-08,Hiking Apparel,162.42,1,162.42,PayPal,0,0
CUST00179,53,Female,2024-04-06,Ski Apparel,115.07,3,345.21,Credit Card,0,0
CUST00180,21,Female,2023-09-14,Ski Equipment,626.29,1,626.29,PayPal,0,1
CUST00181,27,Female,2024-11-22,Trail Running Shoes,187.43,3,562.29,TWINT,0,0
CUST00182,25,Male,2024-03-07,Hiking Footwear,208.29,1,208.29,PayPal,0,0
CUST00183,21,Male,2025-04-11,Bike & MTB,407.04,2,814.08,Credit Card,1,1
CUST00184,38,Male,2024-10-02,Climbing Gear,125.89,1,125.89,TWINT,0,0
CUST00185,31,Female,2023-09-08,Backpacks,81.86,1,81.86,Credit Card,0,1
CUST00186,47,Male,2023-11-24,Hiking Apparel,150.77,1,150.77,TWINT,0,0
CUST00187,40,Non-binary,2023-07-04,Climbing Gear,443.17,1,443.17,TWINT,0,0
CUST00188,44,Male,2025-08-21,Ski Apparel,77.18,1,77.18,Credit Card,1,1
CUST00189,44,Male,2024-02-03,Hiking Apparel,48.14,1,48.14,Debit Card,0,0
CUST00190,45,Male,2023-09-01,Backpacks,297.59,1,297.59,Credit Card,0,0
CUST00191,53,Male,2023-03-24,Trail Running Shoes,184.34,1,184.34,Credit Card,1,0
CUST00192,36,Female,2024-11-02,Hiking Apparel,149.13,1,149.13,TWINT,0,0
CUST00193,20,Female,2024-09-05,Climbing Gear,269.57,1,269.57,Debit Card,1,0
CUST00194,22,Male,2023-02-24,Hiking Apparel,95.38,3,286.14,Debit Card,0,0
CUST00195,53,Male,2025-02-17,Hiking Footwear,176.09,1,176.09,Credit Card,0,1
CUST00196,35,Non-binary,2023-11-07,Trail Running Shoes,102.65,1,102.65,Debit Card,0,0
CUST00197,27,Female,2024-10-27,Base Layers,114.69,1,114.69,Invoice,0,0
CUST00198,29,Non-binary,2024-06-25,Climbing Gear,280.57,1,280.57,PayPal,0,0
CUST00199,29,Non-binary,2025-09-28,Ski Apparel,158.26,1,158.26,Credit Card,0,0
CUST00200,34,Female,2025-02-16,Ski Equipment,241.41,2,482.82,TWINT,0,0
CUST00201,38,Male,2024-06-09,Bike & MTB,100.06,3,300.18,PayPal,0,0
CUST00202,31,Male,2024-05-05,Backpacks,131.49,1,131.49,Credit Card,0,0
CUST00203,35,Male,2023-01-11,Base Layers,42.07,2,84.14,Invoice,0,1
CUST00204,34,Female,2024-08-11,Accessories,43.3,2,86.6,Credit Card,0,0
CUST00205,51,Female,2023-12-25,Base Layers,142.4,3,427.2,Debit Card,0,0
CUST00206,46,Male,2024-08-15,Accessories,65.16,1,65.16,TWINT,1,0
CUST00207,64,Male,2023-10-02,Bike & MTB,452.91,1,452.91,TWINT,0,0
CUST00208,59,Male,2024-01-17,Trail Running Shoes,164.25,1,164.25,Credit Card,0,0
CUST00209,34,Female,2024-11-02,Tents & Sleeping,290.85,1,290.85,Credit Card,0,0
CUST00210,31,Male,2024-04-27,Ski Apparel,144.34,1,144.34,Debit Card,0,0
CUST00211,24,Male,2025-08-11,Hiking Apparel,82.53,2,165.06,Credit Card,0,0
CUST00212,30,Female,2024-08-27,Base Layers,67.32,1,67.32,Debit Card,0,0
CUST00213,24,Non-binary,2024-03-23,Hiking Apparel,166.35,3,499.05,PayPal,0,0
CUST00214,39,Female,2023-08-18,Backpacks,208.45,1,208.45,Credit Card,0,0
CUST00215,31,Male,2025-09-28,Backpacks,84.87,1,84.87,Credit Card,0,0
CUST00216,34,Male,2025-08-04,Climbing Gear,244.7,1,244.7,PayPal,0,1
CUST00217,37,Male,2023-05-04,Hiking Footwear,164.74,2,329.48,TWINT,1,0
CUST00218,38,Male,2025-05-10,Hiking Apparel,178.41,2,356.82,Debit Card,0,0
CUST00219,48,Male,2024-12-13,Bike & MTB,704.66,1,704.66,Credit Card,0,0
CUST00220,32,Male,2024-09-03,Bike & MTB,674.46,2,1348.92,Debit Card,0,0
CUST00221,31,Female,2023-08-20,Trail Running Shoes,126.39,3,379.17,Credit Card,0,0
CUST00222,43,Female,2023-03-10,Accessories,26.85,1,26.85,Debit Card,0,0
CUST00223,38,Male,2023-10-14,Backpacks,276.32,2,552.64,Debit Card,0,0
CUST00224,41,Female,2024-10-18,Ski Apparel,263.29,2,526.58,Credit Card,0,0
CUST00225,25,Male,2023-12-25,Backpacks,227.5,2,455.0,PayPal,0,0
CUST00226,36,Non-binary,2024-10-14,Navigation & Safety,207.98,2,415.96,PayPal,0,0
CUST00227,44,Male,2025-08-06,Ski Equipment,793.16,1,793.16,TWINT,0,0
CUST00228,51,Female,2023-06-11,Trail Running Shoes,134.0,1,134.0,TWINT,0,1
CUST00229,36,Male,2024-01-21,Base Layers,102.35,3,307.05,TWINT,0,0
CUST00230,30,Male,2023-02-01,Ski Equipment,830.27,1,830.27,Credit Card,0,0
CUST00231,37,Female,2024-05-05,Base Layers,114.45,1,114.45,Debit Card,0,0
CUST00232,17,Female,2025-10-15,Hiking Apparel,87.08,1,87.08,Debit Card,0,0
CUST00233,38,Male,2023-10-26,Ski Apparel,75.54,2,151.08,Credit Card,0,0
CUST00234,27,Female,2024-05-18,Ski Apparel,126.71,1,126.71,Debit Card,0,0
CUST00235,36,Non-binary,2024-12-22,Tents & Sleeping,335.11,1,335.11,Credit Card,0,0
CUST00236,60,Female,2023-03-11,Backpacks,242.54,1,242.54,TWINT,1,0
CUST00237,39,Male,2024-03-23,Tents & Sleeping,115.34,1,115.34,Debit Card,0,0
CUST00238,38,Female,2023-01-14,Tents & Sleeping,331.27,1,331.27,Debit Card,0,1
CUST00239,35,Male,2024-01-03,Climbing Gear,357.99,1,357.99,Credit Card,0,0
CUST00240,23,Male,2025-03-23,Backpacks,294.56,1,294.56,Credit Card,0,0
CUST00241,38,Male,2023-03-06,Accessories,15.64,4,62.56,Credit Card,0,0
CUST00242,56,Male,2025-06-07,Hiking Footwear,114.28,1,114.28,PayPal,0,0
CUST00243,63,Female,2025-08-31,Ski Equipment,825.95,2,1651.9,Credit Card,0,0
CUST00244,33,Male,2024-10-06,Backpacks,247.43,1,247.43,Credit Card,0,1
CUST00245,47,Female,2025-03-07,Ski Apparel,251.75,1,251.75,PayPal,0,0
CUST00246,17,Female,2024-12-09,Accessories,58.25,1,58.25,Credit Card,0,0
CUST00247,26,Non-binary,2024-07-13,Hiking Apparel,179.24,1,179.24,PayPal,0,0
CUST00248,55,Female,2025-02-17,Hiking Apparel,73.43,1,73.43,Credit Card,0,0
CUST00249,36,Male,2024-10-10,Base Layers,106.07,2,212.14,Debit Card,1,0
CUST00250,33,Male,2025-06-01,Base Layers,42.27,1,42.27,Debit Card,0,0
CUST00251,49,Male,2024-08-20,Backpacks,147.33,1,147.33,Debit Card,0,0
CUST00252,39,Female,2025-02-18,Bike & MTB,224.48,1,224.48,Credit Card,0,0
CUST00253,42,Male,2024-05-20,Ski Apparel,326.11,1,326.11,PayPal,0,0
CUST00254,43,Male,2025-02-17,Trail Running Shoes,100.95,1,100.95,TWINT,0,0
CUST00255,47,Non-binary,2024-02-16,Trail Running Shoes,144.89,3,434.67,Debit Card,0,0
CUST00256,16,Male,2024-05-11,Base Layers,105.95,4,423.8,Credit Card,0,0
CUST00257,19,Male,2023-02-25,Bike & MTB,176.74,2,353.48,Invoice,0,0
CUST00258,58,Male,2025-04-17,Ski Apparel,295.56,2,591.12,PayPal,0,0
CUST00259,37,Male,2025-03-31,Hiking Apparel,120.83,1,120.83,Debit Card,0,0
CUST00260,44,Male,2023-06-24,Hiking Footwear,273.69,2,547.38,Credit Card,0,0
CUST00261,46,Female,2024-11-10,Tents & Sleeping,416.31,4,1665.24,Invoice,0,1
CUST00262,52,Male,2024-03-28,Climbing Gear,273.83,1,273.83,Debit Card,0,0
CUST00263,25,Male,2023-06-25,Hiking Footwear,100.91,1,100.91,Credit Card,0,1
CUST00264,30,Male,2025-09-02,Hiking Apparel,77.24,1,77.24,Credit Card,0,0
CUST00265,41,Female,2023-12-03,Hiking Footwear,148.62,1,148.62,TWINT,0,0
CUST00266,39,Female,2025-04-09,Ski Apparel,204.97,1,204.97,PayPal,0,0
CUST00267,22,Female,2024-03-15,Hiking Apparel,117.32,1,117.32,Credit Card,0,0
CUST00268,49,Male,2024-10-29,Hiking Footwear,254.4,1,254.4,Credit Card,1,0
CUST00269,16,Male,2024-12-21,Hiking Apparel,110.66,1,110.66,TWINT,0,0
CUST00270,40,Female,2023-10-02,Ski Apparel,268.92,1,268.92,Credit Card,0,1
CUST00271,33,Male,2025-09-23,Backpacks,222.44,1,222.44,PayPal,0,0
CUST00272,42,Non-binary,2024-10-06,Backpacks,196.89,1,196.89,TWINT,0,0
CUST00273,51,Male,2025-04-17,Hiking Apparel,141.08,2,282.16,PayPal,0,0
CUST00274,33,Female,2024-08-21,Hiking Footwear,86.17,2,172.34,Credit Card,0,0
CUST00275,40,Female,2024-07-02,Climbing Gear,270.08,1,270.08,PayPal,0,0
CUST00276,22,Female,2025-05-20,Hiking Footwear,223.8,1,223.8,Credit Card,0,0
CUST00277,24,Male,2023-08-29,Ski Apparel,337.69,1,337.69,PayPal,0,0
CUST00278,75,Female,2023-12-06,Ski Apparel,301.66,1,301.66,PayPal,0,0
CUST00279,43,Female,2024-08-22,Backpacks,100.51,4,402.04,Credit Card,0,0
CUST00280,23,Non-binary,2025-04-22,Base Layers,41.43,4,165.72,TWINT,0,0
CUST00281,54,Male,2025-03-15,Base Layers,129.42,2,258.84,Debit Card,0,0
CUST00282,55,Male,2023-07-10,Hiking Apparel,154.05,3,462.15,Debit Card,0,0
CUST00283,47,Female,2023-07-10,Backpacks,310.67,2,621.34,PayPal,0,0
CUST00284,28,Male,2025-05-29,Hiking Footwear,186.88,1,186.88,TWINT,0,0
CUST00285,34,Male,2023-04-10,Accessories,65.18,3,195.54,Credit Card,0,0
CUST00286,52,Male,2025-05-26,Navigation & Safety,64.24,1,64.24,Credit Card,0,1
CUST00287,33,Female,2025-01-31,Ski Equipment,640.94,1,640.94,PayPal,0,1
CUST00288,32,Female,2023-07-06,Base Layers,120.63,1,120.63,PayPal,1,0
CUST00289,43,Female,2025-05-14,Hiking Footwear,219.12,2,438.24,PayPal,0,0
CUST00290,44,Male,2024-09-04,Accessories,17.22,1,17.22,Credit Card,0,0
CUST00291,63,Male,2025-06-20,Backpacks,52.54,2,105.08,Debit Card,0,0
CUST00292,66,Female,2023-07-25,Tents & Sleeping,310.04,1,310.04,Credit Card,0,0
CUST00293,30,Female,2024-08-06,Ski Equipment,633.47,1,633.47,PayPal,0,0
CUST00294,48,Female,2025-03-13,Ski Apparel,236.03,1,236.03,Credit Card,1,0
CUST00295,51,Male,2023-01-25,Climbing Gear,309.15,1,309.15,Invoice,0,0
CUST00296,34,Female,2025-08-22,Backpacks,159.62,2,319.24,Invoice,0,1
CUST00297,46,Male,2025-10-23,Hiking Footwear,237.86,1,237.86,PayPal,0,0
CUST00298,41,Female,2023-06-11,Backpacks,95.8,1,95.8,Debit Card,0,0
CUST00299,26,Female,2025-06-14,Accessories,57.67,1,57.67,PayPal,0,1
CUST00300,35,Male,2024-09-25,Hiking Apparel,121.61,1,121.61,PayPal,0,1
CUST00301,44,Male,2024-06-14,Climbing Gear,192.95,1,192.95,Credit Card,0,0
CUST00302,38,Male,2025-05-29,Accessories,64.0,1,64.0,Credit Card,1,0
CUST00303,33,Male,2025-01-23,Hiking Apparel,129.93,1,129.93,Credit Card,0,0
CUST00304,35,Female,2023-01-26,Trail Running Shoes,203.71,1,203.71,Credit Card,0,0
CUST00305,54,Female,2025-05-08,Backpacks,324.18,2,648.36,Credit Card,0,0
CUST00306,60,Male,2023-04-18,Accessories,50.01,1,50.01,Credit Card,0,0
CUST00307,42,Female,2025-07-24,Ski Equipment,783.63,1,783.63,Credit Card,0,0
CUST00308,36,Male,2025-10-07,Tents & Sleeping,321.24,1,321.24,Invoice,0,0
CUST00309,17,Male,2023-01-20,Navigation & Safety,26.69,1,26.69,Invoice,1,0
CUST00310,31,Female,2024-05-02,Base Layers,42.47,1,42.47,Debit Card,0,0
CUST00311,44,Male,2025-02-01,Ski Equipment,784.13,1,784.13,Debit Card,0,0
CUST00312,45,Female,2023-05-08,Tents & Sleeping,285.06,1,285.06,Debit Card,0,0
CUST00313,37,Female,2024-07-10,Base Layers,118.24,1,118.24,Credit Card,0,1
CUST00314,48,Female,2024-10-05,Trail Running Shoes,114.79,1,114.79,Debit Card,0,0
CUST00315,40,Male,2023-03-24,Trail Running Shoes,122.07,2,244.14,Credit Card,0,1
CUST00316,47,Female,2024-09-04,Bike & MTB,341.15,1,341.15,Credit Card,0,1
CUST00317,27,Female,2023-10-14,Ski Equipment,496.53,2,993.06,Credit Card,1,0
CUST00318,45,Male,2023-06-22,Ski Equipment,450.44,2,900.88,Debit Card,0,0
CUST00319,42,Female,2024-11-10,Hiking Apparel,63.18,3,189.54,Credit Card,0,1
CUST00320,38,Female,2025-02-22,Hiking Apparel,170.4,1,170.4,PayPal,0,0
CUST00321,41,Female,2024-08-27,Hiking Footwear,203.84,1,203.84,Debit Card,0,0
CUST00322,46,Male,2025-12-12,Hiking Apparel,115.46,1,115.46,Credit Card,0,0
CUST00323,49,Female,2025-10-25,Climbing Gear,397.27,1,397.27,Credit Card,0,1
CUST00324,39,Female,2025-08-24,Hiking Footwear,242.14,1,242.14,Debit Card,0,0
CUST00325,43,Female,2023-04-25,Ski Equipment,762.21,3,2286.63,PayPal,0,0
CUST00326,37,Non-binary,2023-12-22,Hiking Apparel,208.34,4,833.36,Credit Card,0,0
CUST00327,29,Male,2024-01-21,Base Layers,143.71,1,143.71,TWINT,0,0
CUST00328,16,Female,2024-03-24,Trail Running Shoes,105.31,1,105.31,Credit Card,0,0
CUST00329,21,Male,2023-05-02,Trail Running Shoes,212.34,2,424.68,Credit Card,0,0
CUST00330,23,Female,2025-02-04,Accessories,70.25,4,281.0,PayPal,0,0
CUST00331,32,Non-binary,2025-09-24,Base Layers,82.42,1,82.42,PayPal,0,0
CUST00332,47,Female,2023-12-26,Navigation & Safety,240.36,1,240.36,Debit Card,0,0
CUST00333,38,Female,2023-03-08,Backpacks,305.23,2,610.46,Credit Card,0,0
CUST00334,38,Female,2024-11-09,Tents & Sleeping,134.14,1,134.14,PayPal,0,0
CUST00335,50,Male,2025-07-03,Base Layers,106.69,3,320.07,Credit Card,0,0
CUST00336,59,Male,2025-06-16,Accessories,60.43,1,60.43,PayPal,0,0
CUST00337,26,Female,2024-04-06,Hiking Footwear,175.9,2,351.8,Credit Card,1,0
CUST00338,38,Male,2023-12-15,Ski Apparel,383.57,1,383.57,TWINT,0,1
CUST00339,68,Male,2025-06-02,Bike & MTB,718.85,2,1437.7,TWINT,0,0
CUST00340,26,Male,2024-06-27,Hiking Footwear,121.11,1,121.11,PayPal,0,1
CUST00341,26,Female,2025-09-10,Hiking Footwear,80.76,1,80.76,Credit Card,1,1
CUST00342,47,Male,2025-03-25,Hiking Footwear,248.75,1,248.75,Debit Card,0,0
CUST00343,30,Male,2025-06-19,Hiking Apparel,73.58,1,73.58,Debit Card,0,0
CUST00344,28,Male,2024-12-05,Base Layers,110.1,1,110.1,TWINT,0,0
CUST00345,38,Male,2025-08-30,Backpacks,339.69,2,679.38,Debit Card,0,0
CUST00346,42,Male,2025-11-24,Accessories,12.43,1,12.43,TWINT,0,0
CUST00347,52,Male,2023-09-16,Bike & MTB,778.85,2,1557.7,Credit Card,1,0
CUST00348,51,Male,2024-10-16,Accessories,20.35,1,20.35,TWINT,0,1
CUST00349,28,Male,2025-12-06,Ski Equipment,493.62,3,1480.86,PayPal,0,0
CUST00350,45,Female,2023-08-05,Backpacks,339.45,1,339.45,Debit Card,0,0
CUST00351,27,Male,2023-03-18,Hiking Apparel,127.41,1,127.41,Credit Card,0,0
CUST00352,35,Female,2024-05-01,Hiking Apparel,111.24,3,333.72,Credit Card,0,0
CUST00353,30,Female,2023-07-21,Ski Apparel,346.57,2,693.14,Invoice,0,0
CUST00354,45,Female,2023-07-02,Accessories,32.46,2,64.92,Credit Card,0,0
CUST00355,36,Female,2024-09-29,Accessories,46.07,1,46.07,PayPal,0,0
CUST00356,17,Female,2024-02-16,Backpacks,102.12,3,306.36,TWINT,0,0
CUST00357,54,Male,2023-09-11,Accessories,45.36,1,45.36,PayPal,0,0
CUST00358,28,Male,2024-12-06,Bike & MTB,400.68,1,400.68,Credit Card,0,0
CUST00359,34,Male,2024-03-29,Trail Running Shoes,180.12,4,720.48,PayPal,0,0
CUST00360,28,Male,2023-01-19,Hiking Footwear,236.06,2,472.12,Debit Card,1,1
CUST00361,40,Female,2024-07-17,Navigation & Safety,219.57,2,439.14,Debit Card,0,0
CUST00362,29,Male,2025-03-24,Climbing Gear,348.28,2,696.56,Debit Card,1,0
CUST00363,60,Female,2025-09-13,Backpacks,134.8,2,269.6,Credit Card,0,0
CUST00364,33,Female,2024-09-03,Ski Equipment,683.32,3,2049.96,Credit Card,0,0
CUST00365,60,Female,2023-02-22,Hiking Apparel,97.53,1,97.53,PayPal,0,0
CUST00366,46,Male,2024-01-24,Hiking Apparel,46.36,2,92.72,Credit Card,0,0
CUST00367,29,Non-binary,2024-01-06,Hiking Apparel,94.04,1,94.04,Credit Card,0,0
CUST00368,27,Female,2024-11-18,Backpacks,323.79,3,971.37,PayPal,0,0
CUST00369,46,Female,2023-08-30,Hiking Apparel,145.4,1,145.4,Debit Card,0,0
CUST00370,28,Non-binary,2025-02-20,Hiking Footwear,257.89,1,257.89,Debit Card,0,0
CUST00371,59,Male,2023-10-21,Bike & MTB,718.56,4,2874.24,Credit Card,0,0
CUST00372,68,Female,2023-01-10,Tents & Sleeping,171.95,1,171.95,Debit Card,0,0
CUST00373,31,Female,2025-05-29,Accessories,19.06,1,19.06,Debit Card,0,0
CUST00374,34,Male,2024-10-21,Ski Equipment,429.83,1,429.83,PayPal,0,1
CUST00375,57,Male,2025-10-27,Accessories,31.85,1,31.85,Debit Card,0,0
CUST00376,38,Male,2024-11-22,Ski Apparel,307.46,1,307.46,Debit Card,0,1
CUST00377,51,Female,2023-02-09,Trail Running Shoes,226.97,2,453.94,Credit Card,0,1
CUST00378,37,Female,2023-03-18,Backpacks,100.7,1,100.7,Debit Card,0,0
CUST00379,26,Male,2023-08-26,Trail Running Shoes,217.06,1,217.06,Debit Card,0,0
CUST00380,26,Female,2024-09-08,Trail Running Shoes,197.33,1,197.33,Debit Card,1,0
CUST00381,24,Male,2024-08-01,Accessories,45.81,1,45.81,Credit Card,1,1
CUST00382,25,Male,2025-04-19,Ski Equipment,542.36,1,542.36,Credit Card,1,0
CUST00383,45,Male,2025-10-08,Hiking Footwear,214.33,3,642.99,Credit Card,1,0
CUST00384,64,Female,2024-08-29,Hiking Footwear,131.18,1,131.18,Credit Card,1,0
CUST00385,54,Male,2023-04-04,Base Layers,81.12,1,81.12,Credit Card,1,0
CUST00386,21,Male,2023-07-10,Accessories,76.86,1,76.86,Debit Card,0,1
CUST00387,27,Female,2023-12-08,Base Layers,87.39,1,87.39,Credit Card,0,1
CUST00388,45,Non-binary,2025-06-16,Trail Running Shoes,158.24,1,158.24,Credit Card,0,0
CUST00389,55,Female,2023-08-20,Bike & MTB,139.3,3,417.9,TWINT,0,1
CUST00390,41,Female,2024-04-03,Hiking Footwear,253.67,1,253.67,Invoice,0,0
CUST00391,19,Male,2025-02-27,Base Layers,59.83,1,59.83,Credit Card,0,0
CUST00392,35,Female,2025-08-19,Hiking Footwear,266.87,1,266.87,TWINT,0,1
CUST00393,29,Non-binary,2025-04-05,Hiking Footwear,124.54,1,124.54,TWINT,1,0
CUST00394,38,Female,2025-10-15,Hiking Footwear,179.69,1,179.69,PayPal,1,0
CUST00395,52,Female,2025-11-07,Accessories,77.42,1,77.42,Debit Card,0,0
CUST00396,41,Male,2024-11-10,Accessories,67.16,2,134.32,Debit Card,0,0
CUST00397,27,Male,2024-08-20,Base Layers,56.61,1,56.61,Debit Card,0,1
CUST00398,22,Female,2025-04-18,Climbing Gear,416.26,2,832.52,Credit Card,0,1
CUST00399,48,Male,2025-04-28,Accessories,60.18,1,60.18,Credit Card,0,0
CUST00400,32,Male,2025-10-29,Accessories,42.02,1,42.02,Credit Card,0,0
CUST00401,64,Female,2023-12-29,Climbing Gear,268.92,3,806.76,PayPal,0,0
CUST00402,46,Male,2025-02-26,Base Layers,102.74,1,102.74,Debit Card,0,0
CUST00403,38,Male,2025-11-15,Ski Apparel,333.63,1,333.63,Credit Card,0,0
CUST00404,50,Female,2024-08-18,Navigation & Safety,197.12,1,197.12,PayPal,0,1
CUST00405,29,Male,2024-12-22,Backpacks,241.06,2,482.12,Debit Card,0,0
CUST00406,16,Female,2025-05-15,Base Layers,137.26,1,137.26,TWINT,0,1
CUST00407,48,Male,2024-05-28,Base Layers,49.31,1,49.31,Credit Card,1,0
CUST00408,52,Male,2024-04-04,Backpacks,157.6,1,157.6,PayPal,0,0
CUST00409,42,Male,2024-10-02,Base Layers,141.18,1,141.18,Invoice,1,0
CUST00410,17,Male,2024-04-06,Accessories,70.23,1,70.23,TWINT,0,0
CUST00411,38,Female,2023-12-30,Accessories,77.5,1,77.5,Invoice,1,0
CUST00412,22,Female,2024-06-25,Trail Running Shoes,105.69,1,105.69,Credit Card,0,1
CUST00413,28,Male,2024-09-08,Trail Running Shoes,145.17,1,145.17,Debit Card,0,0
CUST00414,54,Female,2023-05-20,Ski Apparel,134.79,1,134.79,PayPal,0,0
CUST00415,28,Female,2025-12-22,Base Layers,69.73,1,69.73,Debit Card,0,0
CUST00416,44,Female,2024-05-14,Trail Running Shoes,148.44,1,148.44,Invoice,0,0
CUST00417,62,Male,2025-02-06,Backpacks,134.85,3,404.55,Debit Card,0,0
CUST00418,23,Male,2023-07-16,Tents & Sleeping,246.56,1,246.56,Credit Card,0,0
CUST00419,42,Female,2023-08-01,Accessories,70.55,1,70.55,Credit Card,0,0
CUST00420,38,Female,2023-11-11,Hiking Apparel,187.02,1,187.02,Credit Card,0,1
CUST00421,44,Male,2025-04-14,Hiking Footwear,244.32,3,732.96,Debit Card,0,0
CUST00422,41,Male,2023-05-10,Base Layers,94.18,1,94.18,PayPal,0,0
CUST00423,62,Male,2025-06-15,Accessories,31.09,1,31.09,Debit Card,0,1
CUST00424,50,Male,2024-08-27,Ski Equipment,710.07,2,1420.14,Invoice,0,0
CUST00425,56,Female,2023-10-17,Hiking Apparel,210.9,1,210.9,Credit Card,1,0
CUST00426,27,Female,2024-12-05,Navigation & Safety,105.31,2,210.62,Credit Card,0,0
CUST00427,42,Female,2023-04-22,Ski Equipment,235.97,2,471.94,TWINT,0,0
CUST00428,43,Female,2023-07-21,Backpacks,137.2,1,137.2,Credit Card,0,0
CUST00429,26,Male,2025-09-22,Ski Equipment,202.36,1,202.36,Debit Card,0,0
CUST00430,51,Female,2025-05-27,Backpacks,159.35,1,159.35,Credit Card,0,0
CUST00431,33,Male,2025-09-09,Hiking Apparel,162.32,1,162.32,Debit Card,0,0
CUST00432,21,Female,2023-10-14,Trail Running Shoes,184.93,2,369.86,TWINT,0,0
CUST00433,24,Female,2025-04-09,Accessories,54.21,2,108.42,PayPal,0,1
CUST00434,24,Male,2023-11-01,Accessories,47.78,2,95.56,Debit Card,0,0
CUST00435,36,Female,2024-05-04,Climbing Gear,216.49,1,216.49,TWINT,0,0
CUST00436,28,Male,2023-10-27,Climbing Gear,239.72,1,239.72,PayPal,0,0
CUST00437,40,Male,2025-01-09,Hiking Apparel,47.71,1,47.71,Debit Card,0,0
CUST00438,51,Male,2024-07-14,Tents & Sleeping,133.68,4,534.72,TWINT,0,0
CUST00439,46,Male,2025-02-09,Tents & Sleeping,514.44,1,514.44,Invoice,0,0
CUST00440,53,Female,2023-01-14,Ski Apparel,329.5,3,988.5,Debit Card,0,1
CUST00441,53,Male,2023-08-31,Trail Running Shoes,150.71,2,301.42,PayPal,0,0
CUST00442,46,Male,2025-04-21,Base Layers,87.48,1,87.48,Credit Card,1,0
CUST00443,46,Male,2024-01-04,Backpacks,66.77,1,66.77,Debit Card,0,0
CUST00444,52,Female,2023-06-25,Accessories,60.96,2,121.92,Credit Card,0,0
CUST00445,29,Male,2025-11-12,Trail Running Shoes,181.57,2,363.14,Credit Card,0,0
CUST00446,38,Male,2023-08-11,Backpacks,118.94,1,118.94,Credit Card,0,0
CUST00447,28,Female,2025-12-24,Trail Running Shoes,226.23,1,226.23,Debit Card,1,0
CUST00448,17,Male,2025-06-02,Backpacks,298.26,3,894.78,Debit Card,0,1
CUST00449,29,Female,2023-07-20,Accessories,36.69,1,36.69,Debit Card,0,0
CUST00450,36,Female,2024-06-11,Hiking Footwear,199.66,1,199.66,Credit Card,0,0
CUST00451,32,Male,2025-01-11,Tents & Sleeping,437.64,1,437.64,Credit Card,0,0
CUST00452,35,Male,2025-03-24,Backpacks,219.4,1,219.4,PayPal,0,0
CUST00453,26,Female,2025-03-26,Ski Equipment,379.99,1,379.99,PayPal,0,0
CUST00454,39,Female,2024-03-15,Hiking Apparel,165.88,1,165.88,Debit Card,0,0
CUST00455,24,Male,2023-10-25,Hiking Apparel,154.46,2,308.92,Debit Card,0,1
CUST00456,26,Male,2025-03-31,Hiking Apparel,149.63,2,299.26,PayPal,0,0
CUST00457,16,Female,2025-11-27,Tents & Sleeping,308.27,1,308.27,Credit Card,1,0
CUST00458,21,Female,2024-05-04,Ski Equipment,277.11,1,277.11,PayPal,0,1
CUST00459,36,Female,2023-05-21,Hiking Apparel,76.06,1,76.06,TWINT,0,0
CUST00460,49,Female,2024-04-08,Backpacks,154.24,2,308.48,PayPal,0,0
CUST00461,29,Male,2023-08-28,Hiking Footwear,94.48,1,94.48,TWINT,0,0
CUST00462,33,Female,2025-09-17,Backpacks,258.26,4,1033.04,PayPal,0,0
CUST00463,25,Female,2024-03-27,Hiking Footwear,103.25,1,103.25,PayPal,0,0
CUST00464,41,Non-binary,2024-05-23,Backpacks,52.92,2,105.84,Credit Card,0,0
CUST00465,29,Male,2024-01-10,Ski Apparel,134.31,1,134.31,TWINT,0,0
CUST00466,50,Female,2024-02-28,Ski Equipment,701.57,3,2104.71,Credit Card,0,0
CUST00467,25,Male,2023-01-14,Hiking Footwear,271.16,1,271.16,PayPal,0,1
CUST00468,54,Female,2024-07-16,Tents & Sleeping,336.02,4,1344.08,Debit Card,0,0
CUST00469,36,Female,2023-03-08,Hiking Footwear,239.85,1,239.85,Debit Card,0,0
CUST00470,46,Male,2023-01-18,Bike & MTB,570.67,1,570.67,Credit Card,0,0
CUST00471,30,Male,2024-12-03,Backpacks,121.14,1,121.14,Debit Card,0,0
CUST00472,52,Female,2024-01-04,Hiking Apparel,193.78,1,193.78,Debit Card,0,0
CUST00473,45,Female,2023-11-03,Backpacks,306.89,1,306.89,Debit Card,1,0
CUST00474,20,Male,2024-10-08,Accessories,54.15,1,54.15,PayPal,0,0
CUST00475,26,Female,2023-07-17,Hiking Footwear,242.76,1,242.76,Debit Card,0,0
CUST00476,32,Female,2023-09-06,Navigation & Safety,92.16,1,92.16,Debit Card,0,0
CUST00477,22,Female,2025-11-11,Bike & MTB,256.3,1,256.3,Debit Card,0,0
CUST00478,29,Male,2023-12-10,Ski Apparel,274.78,1,274.78,PayPal,0,0
CUST00479,28,Female,2024-08-19,Hiking Footwear,148.73,1,148.73,PayPal,0,0
CUST00480,30,Female,2025-12-02,Accessories,75.71,2,151.42,Invoice,0,1
CUST00481,57,Female,2023-12-08,Navigation & Safety,216.2,1,216.2,Debit Card,0,0
CUST00482,40,Female,2023-06-20,Hiking Footwear,234.19,1,234.19,Credit Card,0,1
CUST00483,48,Male,2025-12-14,Base Layers,83.18,1,83.18,TWINT,1,0
CUST00484,33,Female,2024-07-11,Ski Apparel,221.89,4,887.56,Debit Card,0,0
CUST00485,22,Male,2025-12-29,Base Layers,135.28,1,135.28,Credit Card,0,0
CUST00486,34,Female,2024-09-13,Hiking Apparel,105.84,1,105.84,Credit Card,0,0
CUST00487,44,Female,2024-09-05,Base Layers,89.03,2,178.06,Credit Card,0,0
CUST00488,45,Male,2025-06-14,Hiking Footwear,154.73,1,154.73,Debit Card,1,0
CUST00489,28,Male,2024-07-10,Hiking Apparel,83.12,2,166.24,Credit Card,0,0
CUST00490,45,Male,2025-07-21,Accessories,22.77,1,22.77,PayPal,0,0
CUST00491,38,Male,2024-07-05,Backpacks,105.78,1,105.78,Credit Card,0,1
CUST00492,40,Male,2025-10-17,Hiking Footwear,123.44,1,123.44,Invoice,0,0
CUST00493,26,Non-binary,2025-08-20,Hiking Footwear,235.13,1,235.13,Credit Card,0,0
CUST00494,58,Male,2025-02-27,Hiking Footwear,274.92,2,549.84,PayPal,0,0
CUST00495,51,Female,2024-10-01,Backpacks,344.63,1,344.63,TWINT,0,0
CUST00496,40,Female,2024-09-03,Backpacks,86.64,1,86.64,Credit Card,0,0
CUST00497,39,Female,2023-09-03,Ski Apparel,116.9,1,116.9,Debit Card,0,0
CUST00498,43,Female,2023-07-03,Base Layers,112.61,1,112.61,Credit Card,0,0
CUST00499,21,Female,2023-08-08,Hiking Footwear,151.1,1,151.1,Credit Card,0,0
CUST00500,64,Female,2024-01-31,Base Layers,126.66,1,126.66,Credit Card,0,0
CUST00501,37,Female,2024-01-18,Backpacks,212.82,1,212.82,Debit Card,0,0
CUST00502,41,Female,2025-12-23,Backpacks,308.17,1,308.17,Credit Card,0,0
CUST00503,37,Female,2025-01-15,Hiking Apparel,73.4,1,73.4,PayPal,0,0
CUST00504,38,Female,2025-10-15,Backpacks,166.25,1,166.25,PayPal,0,0
CUST00505,29,Male,2024-01-01,Base Layers,35.25,3,105.75,TWINT,0,0
CUST00506,43,Male,2025-12-12,Backpacks,300.89,2,601.78,PayPal,0,1
CUST00507,41,Male,2023-06-13,Navigation & Safety,203.61,3,610.83,Debit Card,0,0
CUST00508,56,Female,2023-04-30,Accessories,67.54,2,135.08,TWINT,0,1
CUST00509,47,Non-binary,2025-12-24,Bike & MTB,113.81,2,227.62,Debit Card,0,0
CUST00510,42,Female,2023-08-05,Navigation & Safety,176.36,1,176.36,PayPal,0,0
CUST00511,34,Male,2023-11-20,Accessories,48.5,1,48.5,Debit Card,0,0
CUST00512,25,Female,2025-04-24,Backpacks,349.06,2,698.12,PayPal,0,0
CUST00513,26,Male,2025-07-15,Base Layers,141.14,1,141.14,Debit Card,0,0
CUST00514,28,Non-binary,2024-09-10,Backpacks,205.28,4,821.12,Credit Card,0,0
CUST00515,29,Non-binary,2023-11-13,Accessories,74.34,1,74.34,Credit Card,0,1
CUST00516,56,Male,2024-09-07,Accessories,27.49,1,27.49,Credit Card,0,0
CUST00517,36,Female,2023-07-15,Trail Running Shoes,215.6,2,431.2,Debit Card,0,0
CUST00518,18,Female,2024-12-13,Hiking Footwear,91.18,2,182.36,TWINT,0,0
CUST00519,52,Female,2025-02-22,Accessories,75.01,1,75.01,Credit Card,0,0
CUST00520,52,Female,2025-03-15,Ski Apparel,297.24,1,297.24,Invoice,0,0
CUST00521,48,Female,2023-04-11,Trail Running Shoes,147.06,1,147.06,Debit Card,0,0
CUST00522,44,Male,2024-02-10,Base Layers,121.44,1,121.44,Debit Card,0,1
CUST00523,23,Male,2023-07-03,Hiking Footwear,235.35,1,235.35,Credit Card,0,0
CUST00524,24,Male,2023-12-13,Ski Apparel,282.84,2,565.68,Invoice,0,0
CUST00525,31,Male,2023-06-25,Accessories,23.98,1,23.98,Credit Card,1,0
CUST00526,40,Female,2023-08-16,Accessories,67.41,1,67.41,Credit Card,0,0
CUST00527,37,Female,2023-10-17,Base Layers,95.86,1,95.86,PayPal,0,0
CUST00528,29,Female,2024-02-16,Backpacks,126.64,1,126.64,PayPal,0,1
CUST00529,37,Male,2023-08-09,Ski Equipment,789.06,2,1578.12,Credit Card,0,0
CUST00530,36,Male,2024-10-08,Hiking Apparel,215.79,1,215.79,Debit Card,0,1
CUST00531,47,Female,2024-09-16,Base Layers,34.77,3,104.31,Credit Card,0,1
CUST00532,67,Male,2025-10-23,Ski Apparel,272.58,1,272.58,Credit Card,1,0
CUST00533,16,Non-binary,2024-11-30,Navigation & Safety,285.75,1,285.75,TWINT,0,1
CUST00534,72,Male,2024-04-10,Bike & MTB,505.46,1,505.46,Debit Card,0,0
CUST00535,31,Male,2024-02-19,Trail Running Shoes,191.35,1,191.35,TWINT,0,0
CUST00536,53,Female,2023-10-25,Trail Running Shoes,239.4,4,957.6,PayPal,0,1
CUST00537,51,Female,2023-03-02,Trail Running Shoes,217.53,1,217.53,PayPal,0,0
CUST00538,44,Male,2024-07-14,Hiking Apparel,208.08,3,624.24,Credit Card,0,1
CUST00539,72,Female,2024-04-17,Backpacks,233.71,1,233.71,PayPal,0,0
CUST00540,43,Female,2025-02-04,Climbing Gear,314.21,2,628.42,Credit Card,0,0
CUST00541,42,Male,2024-03-31,Bike & MTB,743.33,3,2229.99,PayPal,0,0
CUST00542,45,Male,2025-09-30,Navigation & Safety,295.98,2,591.96,PayPal,0,0
CUST00543,19,Female,2025-12-11,Accessories,60.41,1,60.41,PayPal,0,1
CUST00544,47,Male,2024-05-18,Hiking Apparel,198.0,3,594.0,Debit Card,0,0
CUST00545,24,Female,2024-09-15,Hiking Footwear,138.24,1,138.24,PayPal,0,1
CUST00546,32,Male,2025-08-07,Navigation & Safety,213.19,3,639.57,TWINT,0,0
CUST00547,53,Female,2025-07-12,Base Layers,46.24,1,46.24,Credit Card,0,0
CUST00548,51,Female,2023-12-02,Accessories,16.31,1,16.31,PayPal,0,1
CUST00549,27,Female,2023-11-24,Hiking Apparel,182.39,1,182.39,Debit Card,0,0
CUST00550,41,Female,2023-10-24,Backpacks,247.86,1,247.86,Credit Card,0,0
CUST00551,30,Male,2024-02-20,Tents & Sleeping,141.13,1,141.13,Credit Card,0,1
CUST00552,57,Female,2025-10-07,Climbing Gear,409.5,1,409.5,Credit Card,0,0
CUST00553,33,Female,2024-03-01,Ski Equipment,560.51,1,560.51,Credit Card,0,0
CUST00554,40,Male,2024-09-03,Accessories,56.69,2,113.38,Credit Card,1,1
CUST00555,45,Male,2023-12-30,Base Layers,113.98,1,113.98,Invoice,0,0
CUST00556,37,Male,2023-05-19,Base Layers,68.74,3,206.22,PayPal,0,1
CUST00557,31,Female,2024-03-04,Ski Apparel,200.68,1,200.68,PayPal,1,0
CUST00558,39,Female,2024-08-11,Bike & MTB,407.58,2,815.16,Debit Card,0,0
CUST00559,23,Female,2025-10-16,Tents & Sleeping,338.13,2,676.26,Debit Card,0,0
CUST00560,30,Female,2023-08-30,Bike & MTB,41.2,1,41.2,PayPal,0,0
CUST00561,34,Male,2024-07-30,Accessories,24.86,1,24.86,Credit Card,1,1
CUST00562,39,Female,2025-03-22,Base Layers,43.66,1,43.66,PayPal,0,1
CUST00563,42,Male,2023-10-06,Base Layers,139.94,2,279.88,Debit Card,0,0
CUST00564,47,Female,2023-04-25,Ski Apparel,326.56,1,326.56,TWINT,0,0
CUST00565,32,Male,2024-12-25,Base Layers,125.94,3,377.82,Credit Card,0,0
CUST00566,51,Male,2025-03-08,Hiking Apparel,136.17,1,136.17,Credit Card,0,0
CUST00567,29,Female,2025-01-31,Ski Equipment,215.1,3,645.3,Debit Card,0,0
CUST00568,60,Male,2023-07-09,Trail Running Shoes,209.89,2,419.78,Debit Card,1,0
CUST00569,30,Female,2023-10-21,Base Layers,92.84,2,185.68,PayPal,1,0
CUST00570,37,Female,2025-03-04,Bike & MTB,195.94,1,195.94,PayPal,0,1
CUST00571,54,Female,2025-12-02,Hiking Footwear,173.38,1,173.38,PayPal,0,1
CUST00572,30,Female,2024-08-09,Tents & Sleeping,189.12,1,189.12,Credit Card,0,0
CUST00573,43,Male,2024-02-28,Hiking Footwear,204.59,1,204.59,Debit Card,0,0
CUST00574,42,Non-binary,2024-09-29,Accessories,50.19,1,50.19,PayPal,0,0
CUST00575,47,Female,2024-01-02,Hiking Footwear,90.76,1,90.76,PayPal,0,0
CUST00576,47,Female,2024-02-10,Hiking Apparel,104.01,1,104.01,PayPal,0,0
CUST00577,57,Female,2025-08-17,Trail Running Shoes,213.8,3,641.4,Credit Card,0,0
CUST00578,34,Female,2024-06-12,Climbing Gear,475.3,1,475.3,TWINT,0,0
CUST00579,27,Female,2024-12-20,Hiking Apparel,45.45,1,45.45,Debit Card,0,0
CUST00580,19,Male,2023-08-08,Backpacks,202.38,1,202.38,Credit Card,0,0
CUST00581,26,Male,2025-02-25,Tents & Sleeping,364.93,4,1459.72,Credit Card,0,0
CUST00582,35,Male,2024-04-28,Bike & MTB,471.08,1,471.08,Credit Card,0,0
CUST00583,32,Male,2025-06-30,Backpacks,147.61,1,147.61,Credit Card,0,1
CUST00584,16,Male,2025-10-09,Accessories,63.99,1,63.99,PayPal,1,1
CUST00585,48,Female,2025-07-16,Accessories,63.0,2,126.0,Debit Card,0,0
CUST00586,50,Male,2024-09-15,Base Layers,67.99,1,67.99,TWINT,0,0
CUST00587,69,Female,2024-08-25,Tents & Sleeping,345.42,2,690.84,Credit Card,0,0
CUST00588,19,Male,2024-07-31,Backpacks,343.61,1,343.61,TWINT,0,0
CUST00589,29,Male,2025-08-30,Hiking Apparel,138.12,2,276.24,Credit Card,0,0
CUST00590,44,Male,2023-09-15,Hiking Apparel,91.92,3,275.76,Credit Card,1,1
CUST00591,35,Male,2025-05-01,Bike & MTB,104.34,1,104.34,TWINT,0,0
CUST00592,24,Female,2025-07-10,Tents & Sleeping,316.29,1,316.29,Debit Card,0,0
CUST00593,52,Female,2025-01-21,Base Layers,62.31,3,186.93,Credit Card,1,0
CUST00594,38,Male,2025-12-14,Backpacks,338.52,1,338.52,Invoice,0,0
CUST00595,33,Female,2023-06-09,Hiking Footwear,174.49,2,348.98,PayPal,0,0
CUST00596,39,Female,2025-07-18,Accessories,47.45,1,47.45,Debit Card,0,0
CUST00597,16,Female,2024-09-14,Ski Apparel,72.01,3,216.03,PayPal,0,1
CUST00598,52,Female,2023-02-25,Trail Running Shoes,107.23,4,428.92,Credit Card,1,0
CUST00599,43,Male,2023-08-17,Ski Equipment,793.39,1,793.39,PayPal,0,0
CUST00600,30,Female,2024-04-28,Hiking Apparel,71.57,2,143.14,Debit Card,0,0
CUST00601,35,Male,2025-04-25,Navigation & Safety,63.16,1,63.16,PayPal,0,0
CUST00602,42,Female,2024-06-25,Ski Equipment,700.77,1,700.77,PayPal,0,0
CUST00603,29,Female,2025-03-09,Base Layers,93.9,1,93.9,Debit Card,0,0
CUST00604,44,Male,2025-12-21,Navigation & Safety,145.67,2,291.34,PayPal,1,0
CUST00605,18,Male,2024-06-30,Navigation & Safety,260.34,1,260.34,TWINT,0,0
CUST00606,16,Female,2024-02-04,Base Layers,59.02,2,118.04,Debit Card,0,0
CUST00607,37,Male,2025-07-02,Hiking Footwear,162.25,1,162.25,Debit Card,0,0
CUST00608,39,Male,2024-03-20,Tents & Sleeping,109.58,1,109.58,Invoice,0,0
CUST00609,55,Male,2024-01-14,Tents & Sleeping,547.95,1,547.95,TWINT,0,0
CUST00610,54,Female,2024-07-20,Navigation & Safety,198.86,3,596.58,PayPal,0,0
CUST00611,39,Female,2023-05-04,Ski Equipment,196.79,1,196.79,Credit Card,0,0
CUST00612,28,Male,2025-10-04,Bike & MTB,192.51,1,192.51,Credit Card,0,0
CUST00613,33,Male,2024-05-28,Ski Equipment,176.15,1,176.15,PayPal,1,0
CUST00614,34,Female,2023-11-07,Hiking Footwear,87.57,1,87.57,PayPal,0,0
CUST00615,16,Female,2023-05-24,Hiking Apparel,191.93,2,383.86,Debit Card,1,0
CUST00616,35,Female,2025-01-05,Climbing Gear,296.6,3,889.8,Credit Card,0,1
CUST00617,55,Male,2024-08-16,Accessories,33.8,2,67.6,PayPal,0,1
CUST00618,37,Male,2025-01-05,Trail Running Shoes,197.42,3,592.26,Debit Card,0,0
CUST00619,39,Male,2024-09-22,Bike & MTB,221.25,1,221.25,Debit Card,0,0
CUST00620,41,Non-binary,2023-03-29,Hiking Footwear,147.86,1,147.86,Debit Card,0,0
CUST00621,16,Female,2023-05-28,Backpacks,272.32,1,272.32,Credit Card,0,0
CUST00622,33,Female,2023-09-25,Navigation & Safety,32.82,2,65.64,Credit Card,0,0
CUST00623,40,Female,2023-08-22,Accessories,14.48,2,28.96,Debit Card,0,0
CUST00624,33,Female,2025-04-03,Hiking Apparel,186.07,4,744.28,Credit Card,0,0
CUST00625,52,Female,2023-09-05,Base Layers,101.17,1,101.17,Credit Card,0,1
CUST00626,55,Male,2023-10-01,Trail Running Shoes,134.11,1,134.11,Credit Card,0,0
CUST00627,38,Female,2024-08-04,Hiking Footwear,115.88,1,115.88,Debit Card,0,0
CUST00628,35,Female,2025-04-23,Ski Equipment,629.87,1,629.87,Credit Card,0,0
CUST00629,22,Female,2025-05-07,Hiking Footwear,245.3,1,245.3,Credit Card,0,1
CUST00630,27,Female,2025-11-05,Hiking Footwear,152.38,2,304.76,Credit Card,0,0
CUST00631,36,Female,2023-12-28,Base Layers,146.23,1,146.23,Credit Card,0,1
CUST00632,45,Male,2025-07-17,Ski Equipment,338.54,1,338.54,Credit Card,0,0
CUST00633,47,Female,2024-10-29,Trail Running Shoes,225.31,2,450.62,Debit Card,0,0
CUST00634,56,Male,2025-04-24,Trail Running Shoes,131.89,1,131.89,TWINT,0,0
CUST00635,24,Female,2025-03-04,Trail Running Shoes,229.9,1,229.9,Debit Card,0,1
CUST00636,40,Male,2023-05-03,Ski Equipment,401.92,1,401.92,Credit Card,0,0
CUST00637,20,Male,2023-12-15,Ski Apparel,113.31,2,226.62,Debit Card,0,1
CUST00638,47,Male,2025-08-27,Backpacks,308.66,1,308.66,TWINT,0,0
CUST00639,37,Male,2023-11-02,Backpacks,317.55,1,317.55,TWINT,0,0
CUST00640,29,Male,2025-05-21,Bike & MTB,597.44,1,597.44,Debit Card,0,0
CUST00641,43,Male,2024-03-22,Backpacks,53.73,2,107.46,Credit Card,0,0
CUST00642,26,Male,2023-02-19,Climbing Gear,173.27,2,346.54,Invoice,0,0
CUST00643,35,Female,2023-05-25,Tents & Sleeping,446.03,1,446.03,Debit Card,0,0
CUST00644,30,Male,2024-02-29,Base Layers,113.77,1,113.77,PayPal,1,0
CUST00645,37,Non-binary,2025-01-18,Base Layers,136.56,1,136.56,Debit Card,1,0
CUST00646,33,Female,2023-10-11,Base Layers,97.29,2,194.58,Invoice,0,1
CUST00647,16,Female,2024-04-06,Bike & MTB,199.44,2,398.88,Credit Card,0,0
CUST00648,41,Male,2025-10-23,Hiking Footwear,154.56,1,154.56,Debit Card,1,0
CUST00649,31,Male,2023-05-15,Tents & Sleeping,495.95,3,1487.85,Credit Card,0,1
CUST00650,24,Male,2023-12-04,Trail Running Shoes,234.16,1,234.16,Credit Card,0,0
CUST00651,48,Female,2023-09-28,Ski Apparel,389.66,1,389.66,Debit Card,0,0
CUST00652,27,Male,2025-11-30,Trail Running Shoes,103.09,2,206.18,PayPal,0,0
CUST00653,31,Female,2024-09-14,Base Layers,131.03,1,131.03,Debit Card,0,0
CUST00654,29,Female,2023-04-07,Ski Equipment,428.93,1,428.93,Credit Card,0,0
CUST00655,32,Female,2023-11-11,Trail Running Shoes,124.55,2,249.1,Credit Card,1,0
CUST00656,33,Female,2023-03-13,Hiking Apparel,106.54,1,106.54,PayPal,0,1
CUST00657,16,Female,2023-10-25,Trail Running Shoes,103.49,3,310.47,TWINT,0,1
CUST00658,48,Non-binary,2024-08-28,Backpacks,202.22,1,202.22,Debit Card,0,0
CUST00659,53,Male,2023-08-19,Backpacks,322.06,1,322.06,PayPal,0,1
CUST00660,36,Female,2025-07-02,Ski Apparel,196.55,2,393.1,Debit Card,0,0
CUST00661,42,Female,2025-07-01,Base Layers,53.49,1,53.49,PayPal,0,0
CUST00662,51,Male,2023-04-25,Climbing Gear,313.49,1,313.49,TWINT,0,0
CUST00663,44,Male,2023-06-29,Ski Equipment,413.52,4,1654.08,Credit Card,0,0
CUST00664,28,Male,2025-05-18,Hiking Apparel,69.48,2,138.96,PayPal,0,0
CUST00665,32,Male,2025-02-08,Bike & MTB,439.23,1,439.23,Credit Card,0,0
CUST00666,34,Male,2023-10-08,Backpacks,263.07,2,526.14,Credit Card,0,0
CUST00667,16,Male,2024-04-04,Backpacks,198.23,2,396.46,Credit Card,1,1
CUST00668,39,Non-binary,2024-08-12,Accessories,43.08,2,86.16,Debit Card,0,0
CUST00669,38,Male,2025-09-11,Bike & MTB,90.71,2,181.42,Debit Card,0,0
CUST00670,44,Female,2023-02-05,Base Layers,44.35,1,44.35,TWINT,0,1
CUST00671,27,Male,2024-12-30,Trail Running Shoes,138.17,1,138.17,Credit Card,0,0
CUST00672,60,Male,2023-12-09,Ski Equipment,621.02,2,1242.04,Debit Card,0,0
CUST00673,33,Female,2023-10-22,Base Layers,41.5,1,41.5,Credit Card,0,0
CUST00674,28,Female,2023-11-13,Ski Apparel,369.67,1,369.67,Debit Card,0,0
CUST00675,20,Non-binary,2023-08-22,Accessories,59.88,2,119.76,Debit Card,0,1
CUST00676,31,Male,2023-10-12,Hiking Footwear,149.64,2,299.28,TWINT,0,0
CUST00677,38,Female,2023-10-19,Hiking Footwear,242.91,1,242.91,PayPal,0,0
CUST00678,27,Non-binary,2023-02-08,Hiking Apparel,177.34,1,177.34,PayPal,0,1
CUST00679,54,Female,2023-05-16,Hiking Footwear,103.78,1,103.78,Credit Card,1,1
CUST00680,51,Male,2024-12-20,Backpacks,226.28,1,226.28,Credit Card,0,0
CUST00681,35,Male,2025-10-31,Accessories,64.66,1,64.66,Debit Card,1,0
CUST00682,53,Male,2023-01-09,Ski Equipment,293.66,1,293.66,Invoice,0,0
CUST00683,19,Male,2024-01-06,Backpacks,181.9,3,545.7,TWINT,0,0
CUST00684,37,Female,2025-08-12,Hiking Apparel,177.05,1,177.05,Credit Card,0,0
CUST00685,33,Male,2024-09-30,Ski Apparel,99.35,1,99.35,PayPal,0,0
CUST00686,23,Male,2025-09-01,Bike & MTB,365.25,2,730.5,TWINT,0,1
CUST00687,29,Male,2025-03-19,Backpacks,252.96,1,252.96,Debit Card,0,1
CUST00688,22,Female,2024-11-24,Bike & MTB,89.18,4,356.72,Credit Card,0,0
CUST00689,39,Female,2025-03-30,Base Layers,121.92,1,121.92,Debit Card,0,0
CUST00690,50,Non-binary,2023-09-08,Climbing Gear,99.27,1,99.27,Credit Card,0,0
CUST00691,41,Male,2025-02-22,Hiking Footwear,215.62,4,862.48,PayPal,0,0
CUST00692,42,Female,2025-10-05,Base Layers,109.33,1,109.33,PayPal,0,0
CUST00693,28,Male,2023-03-06,Accessories,48.26,3,144.78,Invoice,0,1
CUST00694,38,Male,2023-12-29,Accessories,40.98,1,40.98,Debit Card,0,0
CUST00695,34,Male,2025-10-01,Base Layers,88.49,1,88.49,PayPal,0,0
CUST00696,24,Female,2025-10-10,Accessories,45.47,1,45.47,Debit Card,0,0
CUST00697,39,Male,2023-02-25,Backpacks,88.46,1,88.46,PayPal,0,0
CUST00698,28,Male,2024-05-15,Bike & MTB,353.07,1,353.07,Credit Card,0,0
CUST00699,41,Male,2025-08-01,Ski Apparel,66.7,1,66.7,PayPal,0,0
CUST00700,35,Male,2024-10-10,Hiking Footwear,173.94,1,173.94,Debit Card,0,0
CUST00701,39,Female,2024-11-26,Ski Apparel,230.94,2,461.88,Credit Card,0,0
CUST00702,32,Male,2024-03-14,Tents & Sleeping,586.54,1,586.54,Credit Card,1,0
CUST00703,30,Female,2024-11-20,Hiking Footwear,248.84,1,248.84,Credit Card,0,0
CUST00704,42,Male,2025-10-30,Ski Apparel,86.06,2,172.12,TWINT,0,0
CUST00705,41,Female,2023-02-08,Hiking Apparel,177.42,1,177.42,PayPal,0,0
CUST00706,49,Female,2024-07-02,Base Layers,128.87,3,386.61,TWINT,0,0
CUST00707,39,Female,2023-10-30,Tents & Sleeping,351.58,1,351.58,Credit Card,0,0
CUST00708,25,Female,2024-02-21,Hiking Apparel,194.83,3,584.49,TWINT,0,0
CUST00709,47,Male,2024-09-27,Ski Equipment,262.47,1,262.47,Debit Card,0,0
CUST00710,53,Female,2024-06-13,Hiking Footwear,111.87,1,111.87,PayPal,0,0
CUST00711,35,Female,2024-10-04,Accessories,13.87,3,41.61,PayPal,0,0
CUST00712,35,Male,2023-10-15,Hiking Apparel,158.34,1,158.34,Credit Card,0,0
CUST00713,50,Female,2023-07-04,Accessories,46.77,1,46.77,Credit Card,0,0
CUST00714,50,Male,2024-04-28,Backpacks,166.99,2,333.98,TWINT,0,1
CUST00715,40,Male,2023-08-20,Accessories,13.91,1,13.91,Credit Card,0,0
CUST00716,47,Non-binary,2025-01-23,Accessories,75.59,1,75.59,TWINT,1,0
CUST00717,19,Female,2024-05-05,Navigation & Safety,213.39,2,426.78,Credit Card,0,0
CUST00718,23,Female,2024-04-29,Accessories,57.97,1,57.97,TWINT,0,0
CUST00719,16,Male,2024-03-06,Hiking Footwear,244.54,1,244.54,TWINT,1,0
CUST00720,58,Male,2024-07-15,Accessories,55.11,2,110.22,TWINT,0,0
CUST00721,25,Female,2023-11-25,Base Layers,135.21,2,270.42,PayPal,0,0
CUST00722,40,Female,2023-02-26,Accessories,61.64,1,61.64,PayPal,0,1
CUST00723,21,Male,2023-08-15,Ski Equipment,379.16,1,379.16,Credit Card,0,0
CUST00724,43,Female,2024-10-16,Base Layers,131.64,2,263.28,Debit Card,0,1
CUST00725,45,Male,2025-03-16,Ski Equipment,213.3,1,213.3,TWINT,0,0
CUST00726,52,Male,2024-04-13,Navigation & Safety,278.47,1,278.47,TWINT,0,0
CUST00727,35,Male,2025-01-23,Hiking Apparel,86.83,1,86.83,Credit Card,0,1
CUST00728,31,Female,2025-10-09,Accessories,74.98,2,149.96,Credit Card,0,1
CUST00729,51,Male,2024-03-17,Climbing Gear,91.19,2,182.38,Invoice,0,0
CUST00730,22,Male,2024-06-20,Hiking Apparel,66.27,1,66.27,Credit Card,0,1
CUST00731,22,Male,2025-03-25,Climbing Gear,439.58,4,1758.32,PayPal,0,0
CUST00732,29,Female,2024-11-12,Ski Equipment,221.46,1,221.46,TWINT,0,0
CUST00733,23,Female,2025-10-30,Base Layers,127.18,1,127.18,PayPal,0,0
CUST00734,26,Male,2024-06-17,Bike & MTB,465.27,1,465.27,Credit Card,0,0
CUST00735,32,Female,2023-09-19,Hiking Apparel,86.87,1,86.87,Debit Card,0,0
CUST00736,39,Male,2024-06-24,Hiking Apparel,202.5,1,202.5,Debit Card,0,1
CUST00737,36,Non-binary,2025-06-20,Backpacks,326.86,1,326.86,Credit Card,0,0
CUST00738,24,Male,2025-10-10,Ski Equipment,679.47,1,679.47,Credit Card,0,0
CUST00739,24,Female,2024-08-04,Accessories,18.66,1,18.66,Credit Card,0,0
CUST00740,39,Male,2023-01-09,Accessories,51.0,1,51.0,Debit Card,0,0
CUST00741,56,Female,2023-09-07,Accessories,11.82,2,23.64,Debit Card,0,0
CUST00742,47,Female,2025-09-09,Trail Running Shoes,111.35,2,222.7,Debit Card,0,0
CUST00743,69,Female,2023-09-22,Bike & MTB,286.94,2,573.88,Credit Card,1,0
CUST00744,39,Male,2025-02-20,Hiking Footwear,94.14,3,282.42,Credit Card,0,0
CUST00745,39,Male,2023-11-12,Ski Equipment,441.38,1,441.38,Credit Card,0,0
CUST00746,25,Female,2023-07-16,Ski Apparel,292.89,1,292.89,TWINT,0,0
CUST00747,48,Female,2024-01-17,Hiking Apparel,176.17,2,352.34,Debit Card,0,1
CUST00748,28,Male,2023-11-14,Climbing Gear,135.39,2,270.78,TWINT,0,0
CUST00749,49,Male,2024-09-07,Accessories,31.03,4,124.12,TWINT,0,0
CUST00750,44,Male,2025-05-20,Hiking Footwear,89.02,1,89.02,Debit Card,0,0
CUST00751,42,Female,2025-08-05,Base Layers,31.95,2,63.9,Credit Card,0,0
CUST00752,27,Male,2025-07-20,Accessories,30.84,1,30.84,PayPal,0,0
CUST00753,23,Female,2024-06-15,Ski Equipment,208.67,4,834.68,TWINT,0,0
CUST00754,60,Male,2025-04-09,Trail Running Shoes,124.04,1,124.04,TWINT,0,0
CUST00755,21,Non-binary,2025-03-19,Hiking Apparel,161.28,2,322.56,TWINT,1,1
CUST00756,39,Male,2023-02-24,Accessories,58.72,1,58.72,Credit Card,0,0
CUST00757,22,Female,2025-08-28,Trail Running Shoes,142.13,1,142.13,Debit Card,1,0
CUST00758,44,Female,2025-07-09,Hiking Apparel,127.31,1,127.31,Debit Card,0,0
CUST00759,39,Male,2025-10-12,Tents & Sleeping,450.81,4,1803.24,PayPal,0,0
CUST00760,34,Male,2025-09-26,Climbing Gear,258.47,1,258.47,Credit Card,0,1
CUST00761,24,Male,2024-12-11,Tents & Sleeping,542.35,1,542.35,Debit Card,0,1
CUST00762,30,Female,2024-11-25,Climbing Gear,235.91,1,235.91,TWINT,0,0
CUST00763,16,Female,2025-01-07,Hiking Apparel,115.03,3,345.09,PayPal,0,0
CUST00764,42,Female,2023-09-22,Ski Equipment,711.94,2,1423.88,Credit Card,0,0
CUST00765,45,Female,2025-01-04,Ski Equipment,567.62,4,2270.48,TWINT,0,0
CUST00766,16,Female,2025-05-31,Accessories,12.24,1,12.24,Credit Card,0,0
CUST00767,16,Female,2023-11-06,Base Layers,122.41,1,122.41,TWINT,0,0
CUST00768,41,Male,2023-08-16,Hiking Footwear,269.25,2,538.5,Invoice,0,0
CUST00769,41,Female,2024-02-25,Climbing Gear,108.51,1,108.51,TWINT,0,0
CUST00770,33,Male,2025-01-14,Climbing Gear,374.3,1,374.3,Credit Card,0,0
CUST00771,26,Female,2025-10-31,Ski Equipment,756.86,1,756.86,Credit Card,0,0
CUST00772,42,Male,2025-12-20,Tents & Sleeping,207.63,2,415.26,Debit Card,0,0
CUST00773,27,Male,2023-03-02,Accessories,65.62,1,65.62,Debit Card,0,0
CUST00774,44,Female,2023-12-03,Hiking Footwear,147.66,1,147.66,Debit Card,0,1
CUST00775,44,Female,2025-11-30,Bike & MTB,784.84,2,1569.68,Invoice,0,0
CUST00776,34,Female,2024-12-05,Accessories,60.51,1,60.51,Credit Card,0,0
CUST00777,54,Male,2025-06-24,Ski Equipment,558.32,2,1116.64,PayPal,0,0
CUST00778,29,Male,2024-11-16,Ski Equipment,376.15,1,376.15,Debit Card,0,0
CUST00779,23,Male,2023-11-24,Climbing Gear,176.76,1,176.76,Credit Card,0,0
CUST00780,36,Male,2025-10-31,Accessories,31.28,1,31.28,Credit Card,1,0
CUST00781,30,Male,2023-01-11,Tents & Sleeping,144.87,1,144.87,Debit Card,0,0
CUST00782,29,Non-binary,2025-12-28,Backpacks,318.3,1,318.3,TWINT,0,0
CUST00783,27,Female,2023-08-04,Trail Running Shoes,152.87,2,305.74,Credit Card,0,0
CUST00784,18,Male,2023-06-17,Hiking Footwear,222.33,2,444.66,Credit Card,0,1
CUST00785,39,Female,2024-06-24,Hiking Apparel,140.61,2,281.22,Debit Card,0,0
CUST00786,42,Female,2023-11-30,Navigation & Safety,224.88,1,224.88,Credit Card,0,0
CUST00787,50,Female,2023-11-18,Trail Running Shoes,129.77,1,129.77,TWINT,0,0
CUST00788,51,Female,2023-03-24,Hiking Apparel,61.76,1,61.76,Debit Card,0,0
CUST00789,30,Male,2024-09-16,Trail Running Shoes,209.73,1,209.73,TWINT,0,0
CUST00790,45,Female,2025-05-05,Trail Running Shoes,148.81,3,446.43,Debit Card,0,0
CUST00791,31,Female,2025-08-01,Accessories,19.3,1,19.3,PayPal,0,1
CUST00792,47,Female,2025-03-04,Hiking Footwear,204.95,1,204.95,Credit Card,0,0
CUST00793,62,Female,2024-09-24,Tents & Sleeping,530.3,2,1060.6,Debit Card,0,0
CUST00794,31,Male,2025-12-04,Tents & Sleeping,379.96,1,379.96,Credit Card,0,0
CUST00795,58,Male,2025-06-28,Hiking Footwear,237.35,1,237.35,Credit Card,0,0
CUST00796,57,Female,2024-01-05,Climbing Gear,468.91,1,468.91,Debit Card,0,0
CUST00797,37,Male,2023-07-03,Trail Running Shoes,120.16,1,120.16,Credit Card,0,0
CUST00798,43,Male,2024-09-02,Bike & MTB,177.91,2,355.82,Debit Card,0,0
CUST00799,32,Female,2024-04-29,Trail Running Shoes,128.36,2,256.72,Debit Card,0,0
CUST00800,48,Male,2025-09-18,Hiking Footwear,172.96,1,172.96,Credit Card,0,0
