source,market,keyword,signal_name,signal_type,product_name,brand,price,rank,url,observed_at
reddit_fallback_mock,US,ultralight,Switched to a 6oz pack and never looked back - gorpcore everyday too,social,N/A,N/A,N/A,412,https://www.reddit.com/r/ultralight/comments/r1a1/,2026-06-19T10:26:34Z
reddit_fallback_mock,US,ultralight,"Fastpacking the Wind River Range in 4 days, gear list inside",social,N/A,N/A,N/A,287,https://www.reddit.com/r/ultralight/comments/r1a2/,2026-06-19T10:26:34Z
reddit_fallback_mock,US,ultralight,Best ultralight rain shells for shoulder season 2026?,social,N/A,N/A,N/A,198,https://www.reddit.com/r/ultralight/comments/r1a3/,2026-06-19T10:26:34Z
reddit_fallback_mock,US,ultralight,Trail running packs vs hydration vests - which do you actually use?,social,N/A,N/A,N/A,156,https://www.reddit.com/r/ultralight/comments/r1a4/,2026-06-19T10:26:34Z
reddit_fallback_mock,US,ultralight,Cottage gear brands are quietly outpacing the majors on innovation,social,N/A,N/A,N/A,233,https://www.reddit.com/r/ultralight/comments/r1a5/,2026-06-19T10:26:34Z
reddit_fallback_mock,US,climbing,"Gorpcore aesthetic is taking over the gym, change my mind",social,N/A,N/A,N/A,301,https://www.reddit.com/r/climbing/comments/r2a1/,2026-06-19T10:26:34Z
reddit_fallback_mock,US,climbing,Approach shoes that double as everyday trail running shoes?,social,N/A,N/A,N/A,145,https://www.reddit.com/r/climbing/comments/r2a2/,2026-06-19T10:26:34Z
reddit_fallback_mock,US,climbing,Fastpacking into multi-pitch routes - anyone doing this regularly?,social,N/A,N/A,N/A,99,https://www.reddit.com/r/climbing/comments/r2a3/,2026-06-19T10:26:34Z
reddit_fallback_mock,US,climbing,Why are trail running packs showing up at the crag now,social,N/A,N/A,N/A,122,https://www.reddit.com/r/climbing/comments/r2a4/,2026-06-19T10:26:34Z
reddit_fallback_mock,US,climbing,"New alpine kit roundup: lighter, faster, more technical fabrics",social,N/A,N/A,N/A,176,https://www.reddit.com/r/climbing/comments/r2a5/,2026-06-19T10:26:34Z
google_trends,global,gorpcore,Search velocity for 'gorpcore' (mock fallback),search,N/A,N/A,N/A,7,https://trends.google.com/trends/explore,2026-06-19T10:26:36Z
google_trends,global,trail running packs,Search velocity for 'trail running packs' (mock fallback),search,N/A,N/A,N/A,35,https://trends.google.com/trends/explore,2026-06-19T10:26:36Z
google_trends,global,fastpacking,Search velocity for 'fastpacking' (mock fallback),search,N/A,N/A,N/A,2,https://trends.google.com/trends/explore,2026-06-19T10:26:36Z
google_trends_related_fallback_mock,global,gorpcore,Related query (mock): 'gorpcore outfit',search,N/A,N/A,N/A,52,https://trends.google.com/trends/explore?q=gorpcore outfit,2026-06-19T10:26:37Z
google_trends_related_fallback_mock,global,gorpcore,Related query (mock): 'gorpcore brands',search,N/A,N/A,N/A,40,https://trends.google.com/trends/explore?q=gorpcore brands,2026-06-19T10:26:37Z
google_trends_related_fallback_mock,global,gorpcore,Related query (mock): 'gorpcore jacket',search,N/A,N/A,N/A,32,https://trends.google.com/trends/explore?q=gorpcore jacket,2026-06-19T10:26:37Z
google_trends_related_fallback_mock,global,trail running packs,Related query (mock): 'best trail running vest',search,N/A,N/A,N/A,33,https://trends.google.com/trends/explore?q=best trail running vest,2026-06-19T10:26:37Z
google_trends_related_fallback_mock,global,trail running packs,Related query (mock): 'trail running pack 10l',search,N/A,N/A,N/A,78,https://trends.google.com/trends/explore?q=trail running pack 10l,2026-06-19T10:26:37Z
google_trends_related_fallback_mock,global,trail running packs,Related query (mock): 'salomon trail pack',search,N/A,N/A,N/A,58,https://trends.google.com/trends/explore?q=salomon trail pack,2026-06-19T10:26:37Z
google_trends_related_fallback_mock,global,fastpacking,Related query (mock): 'fastpacking gear list',search,N/A,N/A,N/A,50,https://trends.google.com/trends/explore?q=fastpacking gear list,2026-06-19T10:26:37Z
google_trends_related_fallback_mock,global,fastpacking,Related query (mock): 'fastpacking tent',search,N/A,N/A,N/A,82,https://trends.google.com/trends/explore?q=fastpacking tent,2026-06-19T10:26:37Z
google_trends_related_fallback_mock,global,fastpacking,Related query (mock): 'fastpacking vs ultralight backpacking',search,N/A,N/A,N/A,21,https://trends.google.com/trends/explore?q=fastpacking vs ultralight backpacking,2026-06-19T10:26:37Z
gearjunkie_rss,US,outdoor gear publication,Lightweight and Extremely Affordable: Malone LiftLine Compact Ski and Snowboard Carrier Review,web,N/A,N/A,N/A,N/A,https://gearjunkie.com/winter/skiing/malone-liftline-compact-ski-snowboard-rack-review,2026-06-19T10:26:37Z
gearjunkie_rss,US,outdoor gear publication,The 7 Best Hut-to-Hut Hikes Around the World,web,N/A,N/A,N/A,N/A,https://gearjunkie.com/outdoor/7-best-hut-to-hut-hikes-around-world,2026-06-19T10:26:37Z
gearjunkie_rss,US,outdoor gear publication,The Only Women’s Outdoor Pants I Wear: prAna Halle Pants Review,web,N/A,N/A,N/A,N/A,https://gearjunkie.com/apparel/prana-halle-pants-review,2026-06-19T10:26:37Z
gearjunkie_rss,US,outdoor gear publication,‘Pool Diver’ Watch Is a Beach Bum in All the Best Ways,web,N/A,N/A,N/A,N/A,https://gearjunkie.com/technology/christopher-ward-pool-diver-watch,2026-06-19T10:26:37Z
gearjunkie_rss,US,outdoor gear publication,"Save Big on YETI, HOKA, Traeger, and More",web,N/A,N/A,N/A,N/A,https://gearjunkie.com/deals/weekly-deals-6-18-26,2026-06-19T10:26:37Z
gearjunkie_rss,US,outdoor gear publication,GoPro MISSION 1: A New Generation of Compact Camera,web,N/A,N/A,N/A,N/A,https://gearjunkie.com/technology/gopro-mission-1-new-generation-compact-camera,2026-06-19T10:26:37Z
gearjunkie_rss,US,outdoor gear publication,Strava Data Shows Mountain Lions Take ‘Proactive Steps’ to Avoid People,web,N/A,N/A,N/A,N/A,https://gearjunkie.com/outdoor/strava-data-mountain-lions-avoid-people,2026-06-19T10:26:37Z
gearjunkie_rss,US,outdoor gear publication,Chaos Meets Craft: GiantMouse Knives Teams Up With ‘Jackass’ Star for Latest EDC,web,N/A,N/A,N/A,N/A,https://gearjunkie.com/knives/giantmouse-knives-teams-up-with-chris-pontius,2026-06-19T10:26:37Z
outside_online_rss,US,outdoor gear publication,Overland OGs Share Their Secrets to Thriving Off-Road,web,N/A,N/A,N/A,N/A,https://www.outsideonline.com/outdoor-gear/cars-trucks/overland-ogs-secrets/,2026-06-19T10:26:38Z
outside_online_rss,US,outdoor gear publication,"No Jet Ski, No Problem. What It’s Like to Paddle into a 70-Foot Wave.",web,N/A,N/A,N/A,N/A,https://www.outsideonline.com/outdoor-adventure/water-activities/tikanui-smith-surfing/,2026-06-19T10:26:38Z
outside_online_rss,US,outdoor gear publication,"The Best Budget, Mid-Priced, and Splurgy Backpacking Tents",web,N/A,N/A,N/A,N/A,https://www.outsideonline.com/outdoor-gear/camping/best-budget-mid-splurge-backpacking-tents/,2026-06-19T10:26:38Z
outside_online_rss,US,outdoor gear publication,The Poem That Awed the Outside Summit,web,N/A,N/A,N/A,N/A,https://www.outsideonline.com/culture/essays-culture/the-cathedral-poem-bobby-lefebre/,2026-06-19T10:26:38Z
outside_online_rss,US,outdoor gear publication,Celebrate the Rest of Pride Month with One of These Races,web,N/A,N/A,N/A,N/A,https://www.outsideonline.com/health/training-performance/pride-month-runs/,2026-06-19T10:26:38Z
outside_online_rss,US,outdoor gear publication,"After a String of Tragedies, Rescuers Issue a Stark Warning to Anyone Visiting California Beaches",web,N/A,N/A,N/A,N/A,https://www.outsideonline.com/outdoor-adventure/water-activities/california-historic-swell-ocean-safety-rescue/,2026-06-19T10:26:38Z
outside_online_rss,US,outdoor gear publication,So You Found a Tick on You. Here’s Exactly What to Do Next.,web,N/A,N/A,N/A,N/A,https://www.outsideonline.com/health/wellness/how-to-remove-a-tick/,2026-06-19T10:26:38Z
outside_online_rss,US,outdoor gear publication,Kilian Jornet’s Next Big Challenge: Getting Americans to Care About Protecting Public Lands,web,N/A,N/A,N/A,N/A,https://www.outsideonline.com/outdoor-adventure/environment/kilian-jornet-public-lands/,2026-06-19T10:26:38Z
youtube_fallback_mock,global,gorpcore,Top video: 'Gorpcore Outfit Ideas for 2026',social,N/A,@trailmaven,N/A,N/A,https://www.youtube.com/watch?v=yt-mock-1,2026-06-19T10:26:38Z
youtube_fallback_mock,global,trail running packs,Top video: 'Best Trail Running Vest Packs Tested',social,N/A,@summitscout,N/A,N/A,https://www.youtube.com/watch?v=yt-mock-2,2026-06-19T10:26:38Z
youtube_fallback_mock,global,fastpacking,Top video: 'Fastpacking Gear List: Lighter and Faster',social,N/A,@fastpack.fritz,N/A,N/A,https://www.youtube.com/watch?v=yt-mock-3,2026-06-19T10:26:38Z
tiktok_mock,global,#gorpcore,"#gorpcore surge +148.8% (6,094,232 views)",social,N/A,@trailmaven,N/A,6094232,https://www.tiktok.com/tag/gorpcore?ref=gorpcore-0-3442,2026-06-19T10:26:38Z
tiktok_mock,global,#gorpcore,"#gorpcore surge +128.8% (11,853,493 views)",social,N/A,@summitscout,N/A,11853493,https://www.tiktok.com/tag/gorpcore?ref=gorpcore-1-2224,2026-06-19T10:26:38Z
tiktok_mock,global,#gorpcore,"#gorpcore surge +89.3% (9,271,658 views)",social,N/A,@alpine.lena,N/A,9271658,https://www.tiktok.com/tag/gorpcore?ref=gorpcore-2-8311,2026-06-19T10:26:38Z
tiktok_mock,global,#trailrunning,"#trailrunning surge +181.1% (5,865,250 views)",social,N/A,@summitscout,N/A,5865250,https://www.tiktok.com/tag/trailrunning?ref=trailrunning-0-8642,2026-06-19T10:26:38Z
tiktok_mock,global,#trailrunning,"#trailrunning surge +172.4% (8,536,221 views)",social,N/A,@alpine.lena,N/A,8536221,https://www.tiktok.com/tag/trailrunning?ref=trailrunning-1-9185,2026-06-19T10:26:38Z
tiktok_mock,global,#trailrunning,"#trailrunning surge +180.9% (6,729,047 views)",social,N/A,@gorpcore.daily,N/A,6729047,https://www.tiktok.com/tag/trailrunning?ref=trailrunning-2-7467,2026-06-19T10:26:38Z
rei_fallback_mock,US,new arrivals,New arrival: Trailmade Trail Running Vest,competitor,Trailmade Trail Running Vest,REI Co-op,$59.95,N/A,https://www.rei.com/product/trailmade-trail-running-vest,2026-06-19T10:26:48Z
rei_fallback_mock,US,new arrivals,New arrival: Speedgoat 6 Trail Running Shoe,competitor,Speedgoat 6 Trail Running Shoe,HOKA,$155.00,N/A,https://www.rei.com/product/hoka-speedgoat-6,2026-06-19T10:26:48Z
rei_fallback_mock,US,new arrivals,New arrival: Fastpack 40 Backpack,competitor,Fastpack 40 Backpack,Osprey,$220.00,N/A,https://www.rei.com/product/osprey-fastpack-40,2026-06-19T10:26:48Z
rei_fallback_mock,US,new arrivals,New arrival: Gorpcore Tech Fleece Half-Zip,competitor,Gorpcore Tech Fleece Half-Zip,Patagonia,$129.00,N/A,https://www.rei.com/product/patagonia-tech-fleece,2026-06-19T10:26:48Z
bergfreunde_fallback_mock,DE/CH,new arrivals,New arrival: Ultraleicht Laufrucksack 12L,competitor,Ultraleicht Laufrucksack 12L,Salomon,"79,95 EUR",N/A,https://www.bergfreunde.de/salomon-laufrucksack-12l/,2026-06-19T10:26:49Z
bergfreunde_fallback_mock,DE/CH,new arrivals,New arrival: Fastpacking Zelt 1-Personen,competitor,Fastpacking Zelt 1-Personen,MSR,"349,00 EUR",N/A,https://www.bergfreunde.de/msr-fastpacking-zelt/,2026-06-19T10:26:49Z
bergfreunde_fallback_mock,DE/CH,new arrivals,New arrival: Gorpcore Softshelljacke,competitor,Gorpcore Softshelljacke,Arc'teryx,"259,00 EUR",N/A,https://www.bergfreunde.de/arcteryx-softshelljacke/,2026-06-19T10:26:49Z
bergfreunde_fallback_mock,DE/CH,new arrivals,New arrival: Trailrunning Schuh Speed,competitor,Trailrunning Schuh Speed,La Sportiva,"149,90 EUR",N/A,https://www.bergfreunde.de/la-sportiva-speed/,2026-06-19T10:26:49Z
open_meteo,CH,temperature anomaly,Zürich: 31.4°C vs 23.3°C avg (+8.1°C anomaly),api,N/A,N/A,N/A,8.1,https://open-meteo.com/en/docs?latitude=47.3769&longitude=8.5417,2026-06-19T10:26:50Z
tourism_anomaly_mock,CH,hotel/hut booking rate,Zürich: HIGH demand for light alpine gear (booking multiplier x1.53),manual,N/A,N/A,N/A,1.53,https://open-meteo.com/en/docs?latitude=47.3769&longitude=8.5417,2026-06-19T10:26:50Z
open_meteo,CH,temperature anomaly,St. Moritz: 21.7°C vs 13.4°C avg (+8.3°C anomaly),api,N/A,N/A,N/A,8.3,https://open-meteo.com/en/docs?latitude=46.4908&longitude=9.8355,2026-06-19T10:26:53Z
tourism_anomaly_mock,CH,hotel/hut booking rate,St. Moritz: HIGH demand for light alpine gear (booking multiplier x1.32),manual,N/A,N/A,N/A,1.32,https://open-meteo.com/en/docs?latitude=46.4908&longitude=9.8355,2026-06-19T10:26:53Z
open_meteo,CH,temperature anomaly,Zermatt: 23.7°C vs 14.5°C avg (+9.2°C anomaly),api,N/A,N/A,N/A,9.2,https://open-meteo.com/en/docs?latitude=46.0207&longitude=7.7491,2026-06-19T10:26:54Z
tourism_anomaly_mock,CH,hotel/hut booking rate,Zermatt: HIGH demand for light alpine gear (booking multiplier x1.79),manual,N/A,N/A,N/A,1.79,https://open-meteo.com/en/docs?latitude=46.0207&longitude=7.7491,2026-06-19T10:26:54Z
