source,market,keyword,signal_name,signal_type,product_name,brand,price,rank,url,signal_score,confidence,notes,observed_at,artifact_type,artifact_uri,created_by_tool
youtube_fallback_mock,global,Swiss outdoor gear,Top video: 'Swiss Outdoor Gear trends 2026',social,N/A,@outdoorscout,N/A,N/A,https://www.youtube.com/watch?v=yt-Swiss ,0.15,low,Cluster 1 rows | momentum=0.00 early_market=0.20 innovation=0.30 gap=0.15 | workflow=monitor | sources= | contains mock/simulated evidence,2026-06-19T12:14:35Z,csv,/Users/sarah/GitHub/hercode-zenline-hackathon/scored_opportunities.csv,scoring.py
youtube_fallback_mock,global,Schweizer Wanderausrüstung,Top video: 'Schweizer Wanderausrüstung trends 2026',social,N/A,@outdoorscout,N/A,N/A,https://www.youtube.com/watch?v=yt-Schwei,0.15,low,Cluster 1 rows | momentum=0.00 early_market=0.20 innovation=0.30 gap=0.15 | workflow=monitor | sources= | contains mock/simulated evidence,2026-06-19T12:14:35Z,csv,/Users/sarah/GitHub/hercode-zenline-hackathon/scored_opportunities.csv,scoring.py
youtube_fallback_mock,global,alpine hiking equipment,Top video: 'Alpine Hiking Equipment trends 2026',social,N/A,@outdoorscout,N/A,N/A,https://www.youtube.com/watch?v=yt-alpine,0.15,low,Cluster 1 rows | momentum=0.00 early_market=0.20 innovation=0.30 gap=0.15 | workflow=monitor | sources= | contains mock/simulated evidence,2026-06-19T12:14:35Z,csv,/Users/sarah/GitHub/hercode-zenline-hackathon/scored_opportunities.csv,scoring.py
youtube_fallback_mock,global,outdoor Schweiz budget,Top video: 'Outdoor Schweiz Budget trends 2026',social,N/A,@outdoorscout,N/A,N/A,https://www.youtube.com/watch?v=yt-outdoo,0.15,low,Cluster 1 rows | momentum=0.00 early_market=0.20 innovation=0.30 gap=0.15 | workflow=monitor | sources= | contains mock/simulated evidence,2026-06-19T12:14:35Z,csv,/Users/sarah/GitHub/hercode-zenline-hackathon/scored_opportunities.csv,scoring.py
youtube_fallback_mock,global,trail running gear Switzerland,Top video: 'Trail Running Gear Switzerland trends 2026',social,N/A,@outdoorscout,N/A,N/A,https://www.youtube.com/watch?v=yt-trail ,0.15,low,Cluster 1 rows | momentum=0.00 early_market=0.20 innovation=0.30 gap=0.15 | workflow=monitor | sources= | contains mock/simulated evidence,2026-06-19T12:14:35Z,csv,/Users/sarah/GitHub/hercode-zenline-hackathon/scored_opportunities.csv,scoring.py
youtube_fallback_mock,global,Bergausrüstung günstig,Top video: 'Bergausrüstung Günstig trends 2026',social,N/A,@outdoorscout,N/A,N/A,https://www.youtube.com/watch?v=yt-Bergau,0.15,low,Cluster 1 rows | momentum=0.00 early_market=0.20 innovation=0.30 gap=0.15 | workflow=monitor | sources= | contains mock/simulated evidence,2026-06-19T12:14:35Z,csv,/Users/sarah/GitHub/hercode-zenline-hackathon/scored_opportunities.csv,scoring.py
youtube_fallback_mock,global,running,Top video: 'Running trends 2026',social,N/A,@outdoorscout,N/A,N/A,https://www.youtube.com/watch?v=yt-runnin,0.15,low,Cluster 1 rows | momentum=0.00 early_market=0.20 innovation=0.30 gap=0.15 | workflow=monitor | sources= | contains mock/simulated evidence,2026-06-19T12:14:35Z,csv,/Users/sarah/GitHub/hercode-zenline-hackathon/scored_opportunities.csv,scoring.py
youtube_fallback_mock,global,kiprun,Top video: 'Kiprun trends 2026',social,N/A,@outdoorscout,N/A,N/A,https://www.youtube.com/watch?v=yt-kiprun,0.15,low,Cluster 1 rows | momentum=0.00 early_market=0.20 innovation=0.30 gap=0.15 | workflow=monitor | sources= | contains mock/simulated evidence,2026-06-19T12:14:35Z,csv,/Users/sarah/GitHub/hercode-zenline-hackathon/scored_opportunities.csv,scoring.py
youtube_fallback_mock,global,backpack,Top video: 'Backpack trends 2026',social,N/A,@outdoorscout,N/A,N/A,https://www.youtube.com/watch?v=yt-backpa,0.18,low,Cluster 1 rows | momentum=0.00 early_market=0.20 innovation=0.30 gap=0.15 | workflow=monitor | sources= | contains mock/simulated evidence,2026-06-19T12:14:35Z,csv,/Users/sarah/GitHub/hercode-zenline-hackathon/scored_opportunities.csv,scoring.py
youtube_fallback_mock,global,trail,Top video: 'Trail trends 2026',social,N/A,@outdoorscout,N/A,N/A,https://www.youtube.com/watch?v=yt-trail,0.15,low,Cluster 1 rows | momentum=0.00 early_market=0.20 innovation=0.30 gap=0.15 | workflow=monitor | sources= | contains mock/simulated evidence,2026-06-19T12:14:35Z,csv,/Users/sarah/GitHub/hercode-zenline-hackathon/scored_opportunities.csv,scoring.py
tiktok_mock,global,#SwissOutdoor,"#SwissOutdoor surge +73.6% (6,616,402 views) [simulated]",social,N/A,@trailmaven,N/A,6616402,https://www.tiktok.com/tag/SwissOutdoor,0.15,low,Cluster 1 rows | momentum=0.00 early_market=0.20 innovation=0.30 gap=0.15 | workflow=monitor | sources= | contains mock/simulated evidence,2026-06-19T12:14:35Z,csv,/Users/sarah/GitHub/hercode-zenline-hackathon/scored_opportunities.csv,scoring.py
tiktok_mock,global,#Wandern,"#Wandern surge +20.2% (2,639,463 views) [simulated]",social,N/A,@trailmaven,N/A,2639463,https://www.tiktok.com/tag/Wandern,0.15,low,Cluster 1 rows | momentum=0.00 early_market=0.20 innovation=0.30 gap=0.15 | workflow=monitor | sources= | contains mock/simulated evidence,2026-06-19T12:14:35Z,csv,/Users/sarah/GitHub/hercode-zenline-hackathon/scored_opportunities.csv,scoring.py
tiktok_mock,global,#AlpineGear,"#AlpineGear surge +136.6% (7,809,852 views) [simulated]",social,N/A,@trailmaven,N/A,7809852,https://www.tiktok.com/tag/AlpineGear,0.15,low,Cluster 1 rows | momentum=0.00 early_market=0.20 innovation=0.30 gap=0.15 | workflow=monitor | sources= | contains mock/simulated evidence,2026-06-19T12:14:35Z,csv,/Users/sarah/GitHub/hercode-zenline-hackathon/scored_opportunities.csv,scoring.py
tiktok_mock,global,#OutdoorSchweiz,"#OutdoorSchweiz surge +31.1% (3,295,239 views) [simulated]",social,N/A,@summitscout,N/A,3295239,https://www.tiktok.com/tag/OutdoorSchweiz,0.15,low,Cluster 1 rows | momentum=0.00 early_market=0.20 innovation=0.30 gap=0.15 | workflow=monitor | sources= | contains mock/simulated evidence,2026-06-19T12:14:35Z,csv,/Users/sarah/GitHub/hercode-zenline-hackathon/scored_opportunities.csv,scoring.py
tiktok_mock,global,#Bergwandern,"#Bergwandern surge +141.0% (4,034,614 views) [simulated]",social,N/A,@trailmaven,N/A,4034614,https://www.tiktok.com/tag/Bergwandern,0.15,low,Cluster 1 rows | momentum=0.00 early_market=0.20 innovation=0.30 gap=0.15 | workflow=monitor | sources= | contains mock/simulated evidence,2026-06-19T12:14:35Z,csv,/Users/sarah/GitHub/hercode-zenline-hackathon/scored_opportunities.csv,scoring.py
open_meteo,CH,temperature anomaly,Zürich: 33.4°C vs 23.3°C avg (10.1°C anomaly),api,N/A,N/A,N/A,10.1,https://open-meteo.com/en/docs?latitude=47.3769&longitude=8.5417,0.16,low,Cluster 3 rows | momentum=0.00 early_market=0.20 innovation=0.30 gap=0.15 | workflow=monitor | sources=open_meteo,2026-06-19T12:14:38Z,csv,/Users/sarah/GitHub/hercode-zenline-hackathon/scored_opportunities.csv,scoring.py
open_meteo,CH,temperature anomaly,St. Moritz: 19.6°C vs 13.4°C avg (6.2°C anomaly),api,N/A,N/A,N/A,6.2,https://open-meteo.com/en/docs?latitude=46.4908&longitude=9.8355,0.16,low,Cluster 3 rows | momentum=0.00 early_market=0.20 innovation=0.30 gap=0.15 | workflow=monitor | sources=open_meteo,2026-06-19T12:14:39Z,csv,/Users/sarah/GitHub/hercode-zenline-hackathon/scored_opportunities.csv,scoring.py
open_meteo,CH,temperature anomaly,Zermatt: 24.3°C vs 14.5°C avg (9.8°C anomaly),api,N/A,N/A,N/A,9.8,https://open-meteo.com/en/docs?latitude=46.0207&longitude=7.7491,0.16,low,Cluster 3 rows | momentum=0.00 early_market=0.20 innovation=0.30 gap=0.15 | workflow=monitor | sources=open_meteo,2026-06-19T12:14:39Z,csv,/Users/sarah/GitHub/hercode-zenline-hackathon/scored_opportunities.csv,scoring.py
open_meteo_uv_aqi,CH,uv and air quality,"UV index 6.75, European AQI None",api,N/A,N/A,N/A,6.75,https://open-meteo.com/en/docs?latitude=47.3769&longitude=8.5417,0.16,low,Cluster 1 rows | momentum=0.00 early_market=0.20 innovation=0.30 gap=0.15 | workflow=monitor | sources=open_meteo_uv_aqi,2026-06-19T12:14:40Z,csv,/Users/sarah/GitHub/hercode-zenline-hackathon/scored_opportunities.csv,scoring.py
nager_date,CH,public holiday,Upcoming holiday: Peter und Paul (2026-06-29),api,N/A,N/A,N/A,N/A,https://date.nager.at/,0.16,low,Cluster 1 rows | momentum=0.00 early_market=0.20 innovation=0.30 gap=0.15 | workflow=monitor | sources=nager_date,2026-06-19T12:14:40Z,csv,/Users/sarah/GitHub/hercode-zenline-hackathon/scored_opportunities.csv,scoring.py
exchangerate_host,CH,currency rates,FX context (CHF base): ,api,N/A,N/A,N/A,N/A,https://exchangerate.host/,0.16,low,Cluster 1 rows | momentum=0.00 early_market=0.20 innovation=0.30 gap=0.15 | workflow=monitor | sources=exchangerate_host,2026-06-19T12:14:40Z,csv,/Users/sarah/GitHub/hercode-zenline-hackathon/scored_opportunities.csv,scoring.py
gearjunkie_rss,US,Swiss outdoor publication,Lightweight and Extremely Affordable: Malone LiftLine Compact Ski and Snowboard Carrier Review,web,N/A,N/A,N/A,N/A,https://gearjunkie.com/winter/skiing/malone-liftline-compact-ski-snowboard-rack-review,0.27,low,"Cluster 17 rows | momentum=0.00 early_market=0.20 innovation=1.00 gap=0.15 | workflow=monitor | sources=gearjunkie_rss, outside_online_rss | contains mock/simulated evidence",2026-06-19T12:14:40Z,csv,/Users/sarah/GitHub/hercode-zenline-hackathon/scored_opportunities.csv,scoring.py
gearjunkie_rss,US,Swiss outdoor publication,The 7 Best Hut-to-Hut Hikes Around the World,web,N/A,N/A,N/A,N/A,https://gearjunkie.com/outdoor/7-best-hut-to-hut-hikes-around-world,0.27,low,"Cluster 17 rows | momentum=0.00 early_market=0.20 innovation=1.00 gap=0.15 | workflow=monitor | sources=gearjunkie_rss, outside_online_rss | contains mock/simulated evidence",2026-06-19T12:14:40Z,csv,/Users/sarah/GitHub/hercode-zenline-hackathon/scored_opportunities.csv,scoring.py
gearjunkie_rss,US,Swiss outdoor publication,The Only Women’s Outdoor Pants I Wear: prAna Halle Pants Review,web,N/A,N/A,N/A,N/A,https://gearjunkie.com/apparel/prana-halle-pants-review,0.27,low,"Cluster 17 rows | momentum=0.00 early_market=0.20 innovation=1.00 gap=0.15 | workflow=monitor | sources=gearjunkie_rss, outside_online_rss | contains mock/simulated evidence",2026-06-19T12:14:40Z,csv,/Users/sarah/GitHub/hercode-zenline-hackathon/scored_opportunities.csv,scoring.py
gearjunkie_rss,US,Swiss outdoor publication,‘Pool Diver’ Watch Is a Beach Bum in All the Best Ways,web,N/A,N/A,N/A,N/A,https://gearjunkie.com/technology/christopher-ward-pool-diver-watch,0.27,low,"Cluster 17 rows | momentum=0.00 early_market=0.20 innovation=1.00 gap=0.15 | workflow=monitor | sources=gearjunkie_rss, outside_online_rss | contains mock/simulated evidence",2026-06-19T12:14:40Z,csv,/Users/sarah/GitHub/hercode-zenline-hackathon/scored_opportunities.csv,scoring.py
gearjunkie_rss,US,Swiss outdoor publication,"Save Big on YETI, HOKA, Traeger, and More",web,N/A,N/A,N/A,N/A,https://gearjunkie.com/deals/weekly-deals-6-18-26,0.27,low,"Cluster 17 rows | momentum=0.00 early_market=0.20 innovation=1.00 gap=0.15 | workflow=monitor | sources=gearjunkie_rss, outside_online_rss | contains mock/simulated evidence",2026-06-19T12:14:40Z,csv,/Users/sarah/GitHub/hercode-zenline-hackathon/scored_opportunities.csv,scoring.py
gearjunkie_rss,US,Swiss outdoor publication,GoPro MISSION 1: A New Generation of Compact Camera,web,N/A,N/A,N/A,N/A,https://gearjunkie.com/technology/gopro-mission-1-new-generation-compact-camera,0.27,low,"Cluster 17 rows | momentum=0.00 early_market=0.20 innovation=1.00 gap=0.15 | workflow=monitor | sources=gearjunkie_rss, outside_online_rss | contains mock/simulated evidence",2026-06-19T12:14:40Z,csv,/Users/sarah/GitHub/hercode-zenline-hackathon/scored_opportunities.csv,scoring.py
gearjunkie_rss,US,Swiss outdoor publication,Strava Data Shows Mountain Lions Take ‘Proactive Steps’ to Avoid People,web,N/A,N/A,N/A,N/A,https://gearjunkie.com/outdoor/strava-data-mountain-lions-avoid-people,0.27,low,"Cluster 17 rows | momentum=0.00 early_market=0.20 innovation=1.00 gap=0.15 | workflow=monitor | sources=gearjunkie_rss, outside_online_rss | contains mock/simulated evidence",2026-06-19T12:14:40Z,csv,/Users/sarah/GitHub/hercode-zenline-hackathon/scored_opportunities.csv,scoring.py
gearjunkie_rss,US,Swiss outdoor publication,Chaos Meets Craft: GiantMouse Knives Teams Up With ‘Jackass’ Star for Latest EDC,web,N/A,N/A,N/A,N/A,https://gearjunkie.com/knives/giantmouse-knives-teams-up-with-chris-pontius,0.27,low,"Cluster 17 rows | momentum=0.00 early_market=0.20 innovation=1.00 gap=0.15 | workflow=monitor | sources=gearjunkie_rss, outside_online_rss | contains mock/simulated evidence",2026-06-19T12:14:40Z,csv,/Users/sarah/GitHub/hercode-zenline-hackathon/scored_opportunities.csv,scoring.py
outside_online_rss,US,Swiss outdoor publication,"Yes, You Should Put Bug Spray on Your Dog—But the Wrong Kind Can Be Deadly",web,N/A,N/A,N/A,N/A,https://www.outsideonline.com/outdoor-adventure/environment/safe-bug-spray-for-dogs/,0.27,low,"Cluster 17 rows | momentum=0.00 early_market=0.20 innovation=1.00 gap=0.15 | workflow=monitor | sources=gearjunkie_rss, outside_online_rss | contains mock/simulated evidence",2026-06-19T12:14:41Z,csv,/Users/sarah/GitHub/hercode-zenline-hackathon/scored_opportunities.csv,scoring.py
outside_online_rss,US,Swiss outdoor publication,Overland OGs Share Their Secrets to Thriving Off-Road,web,N/A,N/A,N/A,N/A,https://www.outsideonline.com/outdoor-gear/cars-trucks/overland-ogs-secrets/,0.27,low,"Cluster 17 rows | momentum=0.00 early_market=0.20 innovation=1.00 gap=0.15 | workflow=monitor | sources=gearjunkie_rss, outside_online_rss | contains mock/simulated evidence",2026-06-19T12:14:41Z,csv,/Users/sarah/GitHub/hercode-zenline-hackathon/scored_opportunities.csv,scoring.py
outside_online_rss,US,Swiss outdoor publication,"No Jet Ski, No Problem. What It’s Like to Paddle into a 70-Foot Wave.",web,N/A,N/A,N/A,N/A,https://www.outsideonline.com/outdoor-adventure/water-activities/tikanui-smith-surfing/,0.27,low,"Cluster 17 rows | momentum=0.00 early_market=0.20 innovation=1.00 gap=0.15 | workflow=monitor | sources=gearjunkie_rss, outside_online_rss | contains mock/simulated evidence",2026-06-19T12:14:41Z,csv,/Users/sarah/GitHub/hercode-zenline-hackathon/scored_opportunities.csv,scoring.py
outside_online_rss,US,Swiss outdoor publication,"The Best Budget, Mid-Priced, and Splurgy Backpacking Tents",web,N/A,N/A,N/A,N/A,https://www.outsideonline.com/outdoor-gear/camping/best-budget-mid-splurge-backpacking-tents/,0.27,low,"Cluster 17 rows | momentum=0.00 early_market=0.20 innovation=1.00 gap=0.15 | workflow=monitor | sources=gearjunkie_rss, outside_online_rss | contains mock/simulated evidence",2026-06-19T12:14:41Z,csv,/Users/sarah/GitHub/hercode-zenline-hackathon/scored_opportunities.csv,scoring.py
outside_online_rss,US,Swiss outdoor publication,The Poem That Awed the Outside Summit,web,N/A,N/A,N/A,N/A,https://www.outsideonline.com/culture/essays-culture/the-cathedral-poem-bobby-lefebre/,0.27,low,"Cluster 17 rows | momentum=0.00 early_market=0.20 innovation=1.00 gap=0.15 | workflow=monitor | sources=gearjunkie_rss, outside_online_rss | contains mock/simulated evidence",2026-06-19T12:14:41Z,csv,/Users/sarah/GitHub/hercode-zenline-hackathon/scored_opportunities.csv,scoring.py
outside_online_rss,US,Swiss outdoor publication,Celebrate the Rest of Pride Month with One of These Races,web,N/A,N/A,N/A,N/A,https://www.outsideonline.com/health/training-performance/pride-month-runs/,0.27,low,"Cluster 17 rows | momentum=0.00 early_market=0.20 innovation=1.00 gap=0.15 | workflow=monitor | sources=gearjunkie_rss, outside_online_rss | contains mock/simulated evidence",2026-06-19T12:14:41Z,csv,/Users/sarah/GitHub/hercode-zenline-hackathon/scored_opportunities.csv,scoring.py
outside_online_rss,US,Swiss outdoor publication,"After a String of Tragedies, Rescuers Issue a Stark Warning to Anyone Visiting California Beaches",web,N/A,N/A,N/A,N/A,https://www.outsideonline.com/outdoor-adventure/water-activities/california-historic-swell-ocean-safety-rescue/,0.27,low,"Cluster 17 rows | momentum=0.00 early_market=0.20 innovation=1.00 gap=0.15 | workflow=monitor | sources=gearjunkie_rss, outside_online_rss | contains mock/simulated evidence",2026-06-19T12:14:41Z,csv,/Users/sarah/GitHub/hercode-zenline-hackathon/scored_opportunities.csv,scoring.py
outside_online_rss,US,Swiss outdoor publication,So You Found a Tick on You. Here’s Exactly What to Do Next.,web,N/A,N/A,N/A,N/A,https://www.outsideonline.com/health/wellness/how-to-remove-a-tick/,0.27,low,"Cluster 17 rows | momentum=0.00 early_market=0.20 innovation=1.00 gap=0.15 | workflow=monitor | sources=gearjunkie_rss, outside_online_rss | contains mock/simulated evidence",2026-06-19T12:14:41Z,csv,/Users/sarah/GitHub/hercode-zenline-hackathon/scored_opportunities.csv,scoring.py
bergsteiger_rss_fallback_mock,CH,Swiss outdoor publication,Neue Touren im Berner Oberland,web,N/A,N/A,N/A,N/A,https://www.bergsteiger.de/,0.27,low,"Cluster 17 rows | momentum=0.00 early_market=0.20 innovation=1.00 gap=0.15 | workflow=monitor | sources=gearjunkie_rss, outside_online_rss | contains mock/simulated evidence",2026-06-19T12:14:42Z,csv,/Users/sarah/GitHub/hercode-zenline-hackathon/scored_opportunities.csv,scoring.py
google_trends_global_momentum_fallback_mock,global,Swiss outdoor gear,Search velocity for 'Swiss outdoor gear' (mock),search,N/A,N/A,N/A,14,https://trends.google.com/trends/explore,0.35,low,Cluster 2 rows | momentum=0.60 early_market=0.72 innovation=0.30 gap=0.15 | workflow=monitor | sources= | contains mock/simulated evidence,2026-06-19T12:14:42Z,csv,/Users/sarah/GitHub/hercode-zenline-hackathon/scored_opportunities.csv,scoring.py
google_trends_global_momentum_fallback_mock,global,Schweizer Wanderausrüstung,Search velocity for 'Schweizer Wanderausrüstung' (mock),search,N/A,N/A,N/A,9,https://trends.google.com/trends/explore,0.32,low,Cluster 2 rows | momentum=0.47 early_market=0.46 innovation=0.30 gap=0.15 | workflow=monitor | sources= | contains mock/simulated evidence,2026-06-19T12:14:42Z,csv,/Users/sarah/GitHub/hercode-zenline-hackathon/scored_opportunities.csv,scoring.py
google_trends_global_momentum_fallback_mock,global,alpine hiking equipment,Search velocity for 'alpine hiking equipment' (mock),search,N/A,N/A,N/A,25,https://trends.google.com/trends/explore,0.35,low,Cluster 2 rows | momentum=0.88 early_market=0.90 innovation=0.30 gap=0.15 | workflow=monitor | sources= | contains mock/simulated evidence,2026-06-19T12:14:42Z,csv,/Users/sarah/GitHub/hercode-zenline-hackathon/scored_opportunities.csv,scoring.py
google_trends_global_momentum_fallback_mock,global,outdoor Schweiz budget,Search velocity for 'outdoor Schweiz budget' (mock),search,N/A,N/A,N/A,12,https://trends.google.com/trends/explore,0.34,low,Cluster 2 rows | momentum=0.55 early_market=0.46 innovation=0.30 gap=0.15 | workflow=monitor | sources= | contains mock/simulated evidence,2026-06-19T12:14:42Z,csv,/Users/sarah/GitHub/hercode-zenline-hackathon/scored_opportunities.csv,scoring.py
google_trends_global_momentum_fallback_mock,global,trail running gear Switzerland,Search velocity for 'trail running gear Switzerland' (mock),search,N/A,N/A,N/A,14,https://trends.google.com/trends/explore,0.35,low,Cluster 2 rows | momentum=0.60 early_market=0.51 innovation=0.30 gap=0.15 | workflow=monitor | sources= | contains mock/simulated evidence,2026-06-19T12:14:42Z,csv,/Users/sarah/GitHub/hercode-zenline-hackathon/scored_opportunities.csv,scoring.py
google_trends_CH_momentum_fallback_mock,CH,Swiss outdoor gear,Search velocity for 'Swiss outdoor gear' (mock),search,N/A,N/A,N/A,20,https://trends.google.com/trends/explore,0.34,low,Cluster 2 rows | momentum=0.75 early_market=0.20 innovation=0.30 gap=0.15 | workflow=monitor | sources= | contains mock/simulated evidence,2026-06-19T12:14:42Z,csv,/Users/sarah/GitHub/hercode-zenline-hackathon/scored_opportunities.csv,scoring.py
google_trends_CH_momentum_fallback_mock,CH,Schweizer Wanderausrüstung,Search velocity for 'Schweizer Wanderausrüstung' (mock),search,N/A,N/A,N/A,9,https://trends.google.com/trends/explore,0.27,low,Cluster 2 rows | momentum=0.47 early_market=0.20 innovation=0.30 gap=0.15 | workflow=monitor | sources= | contains mock/simulated evidence,2026-06-19T12:14:42Z,csv,/Users/sarah/GitHub/hercode-zenline-hackathon/scored_opportunities.csv,scoring.py
google_trends_CH_momentum_fallback_mock,CH,alpine hiking equipment,Search velocity for 'alpine hiking equipment' (mock),search,N/A,N/A,N/A,4,https://trends.google.com/trends/explore,0.24,low,Cluster 2 rows | momentum=0.35 early_market=0.20 innovation=0.30 gap=0.15 | workflow=monitor | sources= | contains mock/simulated evidence,2026-06-19T12:14:42Z,csv,/Users/sarah/GitHub/hercode-zenline-hackathon/scored_opportunities.csv,scoring.py
google_trends_CH_momentum_fallback_mock,CH,outdoor Schweiz budget,Search velocity for 'outdoor Schweiz budget' (mock),search,N/A,N/A,N/A,13,https://trends.google.com/trends/explore,0.3,low,Cluster 2 rows | momentum=0.57 early_market=0.20 innovation=0.30 gap=0.15 | workflow=monitor | sources= | contains mock/simulated evidence,2026-06-19T12:14:42Z,csv,/Users/sarah/GitHub/hercode-zenline-hackathon/scored_opportunities.csv,scoring.py
google_trends_CH_momentum_fallback_mock,CH,trail running gear Switzerland,Search velocity for 'trail running gear Switzerland' (mock),search,N/A,N/A,N/A,6,https://trends.google.com/trends/explore,0.25,low,Cluster 2 rows | momentum=0.40 early_market=0.20 innovation=0.30 gap=0.15 | workflow=monitor | sources= | contains mock/simulated evidence,2026-06-19T12:14:42Z,csv,/Users/sarah/GitHub/hercode-zenline-hackathon/scored_opportunities.csv,scoring.py
google_trends_US_momentum_fallback_mock,US,Swiss outdoor gear,Search velocity for 'Swiss outdoor gear' (mock),search,N/A,N/A,N/A,1,https://trends.google.com/trends/explore,0.3,low,Cluster 2 rows | momentum=0.28 early_market=0.57 innovation=0.30 gap=0.15 | workflow=monitor | sources= | contains mock/simulated evidence,2026-06-19T12:14:42Z,csv,/Users/sarah/GitHub/hercode-zenline-hackathon/scored_opportunities.csv,scoring.py
google_trends_US_momentum_fallback_mock,US,Schweizer Wanderausrüstung,Search velocity for 'Schweizer Wanderausrüstung' (mock),search,N/A,N/A,N/A,23,https://trends.google.com/trends/explore,0.35,low,Cluster 2 rows | momentum=0.82 early_market=0.82 innovation=0.30 gap=0.15 | workflow=monitor | sources= | contains mock/simulated evidence,2026-06-19T12:14:42Z,csv,/Users/sarah/GitHub/hercode-zenline-hackathon/scored_opportunities.csv,scoring.py
google_trends_US_momentum_fallback_mock,US,alpine hiking equipment,Search velocity for 'alpine hiking equipment' (mock),search,N/A,N/A,N/A,-4,https://trends.google.com/trends/explore,0.2,low,Cluster 2 rows | momentum=0.15 early_market=0.26 innovation=0.30 gap=0.15 | workflow=monitor | sources= | contains mock/simulated evidence,2026-06-19T12:14:42Z,csv,/Users/sarah/GitHub/hercode-zenline-hackathon/scored_opportunities.csv,scoring.py
google_trends_US_momentum_fallback_mock,US,outdoor Schweiz budget,Search velocity for 'outdoor Schweiz budget' (mock),search,N/A,N/A,N/A,12,https://trends.google.com/trends/explore,0.35,low,Cluster 2 rows | momentum=0.55 early_market=0.56 innovation=0.30 gap=0.15 | workflow=monitor | sources= | contains mock/simulated evidence,2026-06-19T12:14:42Z,csv,/Users/sarah/GitHub/hercode-zenline-hackathon/scored_opportunities.csv,scoring.py
google_trends_US_momentum_fallback_mock,US,trail running gear Switzerland,Search velocity for 'trail running gear Switzerland' (mock),search,N/A,N/A,N/A,23,https://trends.google.com/trends/explore,0.35,low,Cluster 2 rows | momentum=0.82 early_market=0.79 innovation=0.30 gap=0.15 | workflow=monitor | sources= | contains mock/simulated evidence,2026-06-19T12:14:42Z,csv,/Users/sarah/GitHub/hercode-zenline-hackathon/scored_opportunities.csv,scoring.py
google_trends_JP_momentum_fallback_mock,JP,Swiss outdoor gear,Search velocity for 'Swiss outdoor gear' (mock),search,N/A,N/A,N/A,21,https://trends.google.com/trends/explore,0.35,low,Cluster 2 rows | momentum=0.78 early_market=0.69 innovation=0.30 gap=0.15 | workflow=monitor | sources= | contains mock/simulated evidence,2026-06-19T12:14:42Z,csv,/Users/sarah/GitHub/hercode-zenline-hackathon/scored_opportunities.csv,scoring.py
google_trends_JP_momentum_fallback_mock,JP,Schweizer Wanderausrüstung,Search velocity for 'Schweizer Wanderausrüstung' (mock),search,N/A,N/A,N/A,23,https://trends.google.com/trends/explore,0.35,low,Cluster 2 rows | momentum=0.82 early_market=0.59 innovation=0.30 gap=0.15 | workflow=monitor | sources= | contains mock/simulated evidence,2026-06-19T12:14:42Z,csv,/Users/sarah/GitHub/hercode-zenline-hackathon/scored_opportunities.csv,scoring.py
google_trends_JP_momentum_fallback_mock,JP,alpine hiking equipment,Search velocity for 'alpine hiking equipment' (mock),search,N/A,N/A,N/A,8,https://trends.google.com/trends/explore,0.35,low,Cluster 2 rows | momentum=0.45 early_market=0.62 innovation=0.30 gap=0.15 | workflow=monitor | sources= | contains mock/simulated evidence,2026-06-19T12:14:42Z,csv,/Users/sarah/GitHub/hercode-zenline-hackathon/scored_opportunities.csv,scoring.py
google_trends_JP_momentum_fallback_mock,JP,outdoor Schweiz budget,Search velocity for 'outdoor Schweiz budget' (mock),search,N/A,N/A,N/A,14,https://trends.google.com/trends/explore,0.35,low,Cluster 2 rows | momentum=0.60 early_market=0.51 innovation=0.30 gap=0.15 | workflow=monitor | sources= | contains mock/simulated evidence,2026-06-19T12:14:42Z,csv,/Users/sarah/GitHub/hercode-zenline-hackathon/scored_opportunities.csv,scoring.py
google_trends_JP_momentum_fallback_mock,JP,trail running gear Switzerland,Search velocity for 'trail running gear Switzerland' (mock),search,N/A,N/A,N/A,3,https://trends.google.com/trends/explore,0.27,low,Cluster 2 rows | momentum=0.33 early_market=0.38 innovation=0.30 gap=0.15 | workflow=monitor | sources= | contains mock/simulated evidence,2026-06-19T12:14:42Z,csv,/Users/sarah/GitHub/hercode-zenline-hackathon/scored_opportunities.csv,scoring.py
google_trends_global_seasonal_fallback_mock,global,Swiss outdoor gear,Search velocity for 'Swiss outdoor gear' (mock),search,N/A,N/A,N/A,20,https://trends.google.com/trends/explore,0.35,low,Cluster 2 rows | momentum=0.60 early_market=0.72 innovation=0.30 gap=0.15 | workflow=monitor | sources= | contains mock/simulated evidence,2026-06-19T12:14:42Z,csv,/Users/sarah/GitHub/hercode-zenline-hackathon/scored_opportunities.csv,scoring.py
google_trends_global_seasonal_fallback_mock,global,Schweizer Wanderausrüstung,Search velocity for 'Schweizer Wanderausrüstung' (mock),search,N/A,N/A,N/A,4,https://trends.google.com/trends/explore,0.32,low,Cluster 2 rows | momentum=0.47 early_market=0.46 innovation=0.30 gap=0.15 | workflow=monitor | sources= | contains mock/simulated evidence,2026-06-19T12:14:42Z,csv,/Users/sarah/GitHub/hercode-zenline-hackathon/scored_opportunities.csv,scoring.py
google_trends_global_seasonal_fallback_mock,global,alpine hiking equipment,Search velocity for 'alpine hiking equipment' (mock),search,N/A,N/A,N/A,23,https://trends.google.com/trends/explore,0.35,low,Cluster 2 rows | momentum=0.88 early_market=0.90 innovation=0.30 gap=0.15 | workflow=monitor | sources= | contains mock/simulated evidence,2026-06-19T12:14:42Z,csv,/Users/sarah/GitHub/hercode-zenline-hackathon/scored_opportunities.csv,scoring.py
google_trends_global_seasonal_fallback_mock,global,outdoor Schweiz budget,Search velocity for 'outdoor Schweiz budget' (mock),search,N/A,N/A,N/A,1,https://trends.google.com/trends/explore,0.34,low,Cluster 2 rows | momentum=0.55 early_market=0.46 innovation=0.30 gap=0.15 | workflow=monitor | sources= | contains mock/simulated evidence,2026-06-19T12:14:42Z,csv,/Users/sarah/GitHub/hercode-zenline-hackathon/scored_opportunities.csv,scoring.py
google_trends_global_seasonal_fallback_mock,global,trail running gear Switzerland,Search velocity for 'trail running gear Switzerland' (mock),search,N/A,N/A,N/A,3,https://trends.google.com/trends/explore,0.35,low,Cluster 2 rows | momentum=0.60 early_market=0.51 innovation=0.30 gap=0.15 | workflow=monitor | sources= | contains mock/simulated evidence,2026-06-19T12:14:42Z,csv,/Users/sarah/GitHub/hercode-zenline-hackathon/scored_opportunities.csv,scoring.py
google_trends_CH_seasonal_fallback_mock,CH,Swiss outdoor gear,Search velocity for 'Swiss outdoor gear' (mock),search,N/A,N/A,N/A,4,https://trends.google.com/trends/explore,0.34,low,Cluster 2 rows | momentum=0.75 early_market=0.20 innovation=0.30 gap=0.15 | workflow=monitor | sources= | contains mock/simulated evidence,2026-06-19T12:14:42Z,csv,/Users/sarah/GitHub/hercode-zenline-hackathon/scored_opportunities.csv,scoring.py
google_trends_CH_seasonal_fallback_mock,CH,Schweizer Wanderausrüstung,Search velocity for 'Schweizer Wanderausrüstung' (mock),search,N/A,N/A,N/A,-3,https://trends.google.com/trends/explore,0.27,low,Cluster 2 rows | momentum=0.47 early_market=0.20 innovation=0.30 gap=0.15 | workflow=monitor | sources= | contains mock/simulated evidence,2026-06-19T12:14:42Z,csv,/Users/sarah/GitHub/hercode-zenline-hackathon/scored_opportunities.csv,scoring.py
google_trends_CH_seasonal_fallback_mock,CH,alpine hiking equipment,Search velocity for 'alpine hiking equipment' (mock),search,N/A,N/A,N/A,19,https://trends.google.com/trends/explore,0.24,low,Cluster 2 rows | momentum=0.35 early_market=0.20 innovation=0.30 gap=0.15 | workflow=monitor | sources= | contains mock/simulated evidence,2026-06-19T12:14:42Z,csv,/Users/sarah/GitHub/hercode-zenline-hackathon/scored_opportunities.csv,scoring.py
google_trends_CH_seasonal_fallback_mock,CH,outdoor Schweiz budget,Search velocity for 'outdoor Schweiz budget' (mock),search,N/A,N/A,N/A,18,https://trends.google.com/trends/explore,0.3,low,Cluster 2 rows | momentum=0.57 early_market=0.20 innovation=0.30 gap=0.15 | workflow=monitor | sources= | contains mock/simulated evidence,2026-06-19T12:14:42Z,csv,/Users/sarah/GitHub/hercode-zenline-hackathon/scored_opportunities.csv,scoring.py
google_trends_CH_seasonal_fallback_mock,CH,trail running gear Switzerland,Search velocity for 'trail running gear Switzerland' (mock),search,N/A,N/A,N/A,-1,https://trends.google.com/trends/explore,0.25,low,Cluster 2 rows | momentum=0.40 early_market=0.20 innovation=0.30 gap=0.15 | workflow=monitor | sources= | contains mock/simulated evidence,2026-06-19T12:14:42Z,csv,/Users/sarah/GitHub/hercode-zenline-hackathon/scored_opportunities.csv,scoring.py
google_trends_US_seasonal_fallback_mock,US,Swiss outdoor gear,Search velocity for 'Swiss outdoor gear' (mock),search,N/A,N/A,N/A,21,https://trends.google.com/trends/explore,0.3,low,Cluster 2 rows | momentum=0.28 early_market=0.57 innovation=0.30 gap=0.15 | workflow=monitor | sources= | contains mock/simulated evidence,2026-06-19T12:14:42Z,csv,/Users/sarah/GitHub/hercode-zenline-hackathon/scored_opportunities.csv,scoring.py
google_trends_US_seasonal_fallback_mock,US,Schweizer Wanderausrüstung,Search velocity for 'Schweizer Wanderausrüstung' (mock),search,N/A,N/A,N/A,19,https://trends.google.com/trends/explore,0.35,low,Cluster 2 rows | momentum=0.82 early_market=0.82 innovation=0.30 gap=0.15 | workflow=monitor | sources= | contains mock/simulated evidence,2026-06-19T12:14:42Z,csv,/Users/sarah/GitHub/hercode-zenline-hackathon/scored_opportunities.csv,scoring.py
google_trends_US_seasonal_fallback_mock,US,alpine hiking equipment,Search velocity for 'alpine hiking equipment' (mock),search,N/A,N/A,N/A,1,https://trends.google.com/trends/explore,0.2,low,Cluster 2 rows | momentum=0.15 early_market=0.26 innovation=0.30 gap=0.15 | workflow=monitor | sources= | contains mock/simulated evidence,2026-06-19T12:14:42Z,csv,/Users/sarah/GitHub/hercode-zenline-hackathon/scored_opportunities.csv,scoring.py
google_trends_US_seasonal_fallback_mock,US,outdoor Schweiz budget,Search velocity for 'outdoor Schweiz budget' (mock),search,N/A,N/A,N/A,9,https://trends.google.com/trends/explore,0.35,low,Cluster 2 rows | momentum=0.55 early_market=0.56 innovation=0.30 gap=0.15 | workflow=monitor | sources= | contains mock/simulated evidence,2026-06-19T12:14:42Z,csv,/Users/sarah/GitHub/hercode-zenline-hackathon/scored_opportunities.csv,scoring.py
google_trends_US_seasonal_fallback_mock,US,trail running gear Switzerland,Search velocity for 'trail running gear Switzerland' (mock),search,N/A,N/A,N/A,16,https://trends.google.com/trends/explore,0.35,low,Cluster 2 rows | momentum=0.82 early_market=0.79 innovation=0.30 gap=0.15 | workflow=monitor | sources= | contains mock/simulated evidence,2026-06-19T12:14:42Z,csv,/Users/sarah/GitHub/hercode-zenline-hackathon/scored_opportunities.csv,scoring.py
google_trends_JP_seasonal_fallback_mock,JP,Swiss outdoor gear,Search velocity for 'Swiss outdoor gear' (mock),search,N/A,N/A,N/A,10,https://trends.google.com/trends/explore,0.35,low,Cluster 2 rows | momentum=0.78 early_market=0.69 innovation=0.30 gap=0.15 | workflow=monitor | sources= | contains mock/simulated evidence,2026-06-19T12:14:42Z,csv,/Users/sarah/GitHub/hercode-zenline-hackathon/scored_opportunities.csv,scoring.py
google_trends_JP_seasonal_fallback_mock,JP,Schweizer Wanderausrüstung,Search velocity for 'Schweizer Wanderausrüstung' (mock),search,N/A,N/A,N/A,0,https://trends.google.com/trends/explore,0.35,low,Cluster 2 rows | momentum=0.82 early_market=0.59 innovation=0.30 gap=0.15 | workflow=monitor | sources= | contains mock/simulated evidence,2026-06-19T12:14:42Z,csv,/Users/sarah/GitHub/hercode-zenline-hackathon/scored_opportunities.csv,scoring.py
google_trends_JP_seasonal_fallback_mock,JP,alpine hiking equipment,Search velocity for 'alpine hiking equipment' (mock),search,N/A,N/A,N/A,18,https://trends.google.com/trends/explore,0.35,low,Cluster 2 rows | momentum=0.45 early_market=0.62 innovation=0.30 gap=0.15 | workflow=monitor | sources= | contains mock/simulated evidence,2026-06-19T12:14:42Z,csv,/Users/sarah/GitHub/hercode-zenline-hackathon/scored_opportunities.csv,scoring.py
google_trends_JP_seasonal_fallback_mock,JP,outdoor Schweiz budget,Search velocity for 'outdoor Schweiz budget' (mock),search,N/A,N/A,N/A,3,https://trends.google.com/trends/explore,0.35,low,Cluster 2 rows | momentum=0.60 early_market=0.51 innovation=0.30 gap=0.15 | workflow=monitor | sources= | contains mock/simulated evidence,2026-06-19T12:14:42Z,csv,/Users/sarah/GitHub/hercode-zenline-hackathon/scored_opportunities.csv,scoring.py
google_trends_JP_seasonal_fallback_mock,JP,trail running gear Switzerland,Search velocity for 'trail running gear Switzerland' (mock),search,N/A,N/A,N/A,3,https://trends.google.com/trends/explore,0.27,low,Cluster 2 rows | momentum=0.33 early_market=0.38 innovation=0.30 gap=0.15 | workflow=monitor | sources= | contains mock/simulated evidence,2026-06-19T12:14:42Z,csv,/Users/sarah/GitHub/hercode-zenline-hackathon/scored_opportunities.csv,scoring.py
google_trends_global_momentum_fallback_mock,global,Bergausrüstung günstig,Search velocity for 'Bergausrüstung günstig' (mock),search,N/A,N/A,N/A,19,https://trends.google.com/trends/explore,0.35,low,Cluster 2 rows | momentum=0.72 early_market=0.51 innovation=0.30 gap=0.15 | workflow=monitor | sources= | contains mock/simulated evidence,2026-06-19T12:14:42Z,csv,/Users/sarah/GitHub/hercode-zenline-hackathon/scored_opportunities.csv,scoring.py
google_trends_global_momentum_fallback_mock,global,running,Search velocity for 'running' (mock),search,N/A,N/A,N/A,8,https://trends.google.com/trends/explore,0.34,low,Cluster 2 rows | momentum=0.45 early_market=0.55 innovation=0.30 gap=0.15 | workflow=monitor | sources= | contains mock/simulated evidence,2026-06-19T12:14:42Z,csv,/Users/sarah/GitHub/hercode-zenline-hackathon/scored_opportunities.csv,scoring.py
google_trends_global_momentum_fallback_mock,global,kiprun,Search velocity for 'kiprun' (mock),search,N/A,N/A,N/A,25,https://trends.google.com/trends/explore,0.35,low,Cluster 2 rows | momentum=0.88 early_market=0.80 innovation=0.30 gap=0.15 | workflow=monitor | sources= | contains mock/simulated evidence,2026-06-19T12:14:42Z,csv,/Users/sarah/GitHub/hercode-zenline-hackathon/scored_opportunities.csv,scoring.py
google_trends_global_momentum_fallback_mock,global,backpack,Search velocity for 'backpack' (mock),search,N/A,N/A,N/A,19,https://trends.google.com/trends/explore,0.35,low,Cluster 2 rows | momentum=0.72 early_market=0.84 innovation=0.30 gap=0.15 | workflow=monitor | sources= | contains mock/simulated evidence,2026-06-19T12:14:42Z,csv,/Users/sarah/GitHub/hercode-zenline-hackathon/scored_opportunities.csv,scoring.py
google_trends_global_momentum_fallback_mock,global,trail,Search velocity for 'trail' (mock),search,N/A,N/A,N/A,-3,https://trends.google.com/trends/explore,0.22,low,Cluster 2 rows | momentum=0.17 early_market=0.34 innovation=0.30 gap=0.15 | workflow=monitor | sources= | contains mock/simulated evidence,2026-06-19T12:14:42Z,csv,/Users/sarah/GitHub/hercode-zenline-hackathon/scored_opportunities.csv,scoring.py
google_trends_CH_momentum_fallback_mock,CH,Bergausrüstung günstig,Search velocity for 'Bergausrüstung günstig' (mock),search,N/A,N/A,N/A,16,https://trends.google.com/trends/explore,0.32,low,Cluster 2 rows | momentum=0.65 early_market=0.20 innovation=0.30 gap=0.15 | workflow=monitor | sources= | contains mock/simulated evidence,2026-06-19T12:14:42Z,csv,/Users/sarah/GitHub/hercode-zenline-hackathon/scored_opportunities.csv,scoring.py
google_trends_CH_momentum_fallback_mock,CH,running,Search velocity for 'running' (mock),search,N/A,N/A,N/A,17,https://trends.google.com/trends/explore,0.32,low,Cluster 2 rows | momentum=0.68 early_market=0.20 innovation=0.30 gap=0.15 | workflow=monitor | sources= | contains mock/simulated evidence,2026-06-19T12:14:42Z,csv,/Users/sarah/GitHub/hercode-zenline-hackathon/scored_opportunities.csv,scoring.py
google_trends_CH_momentum_fallback_mock,CH,kiprun,Search velocity for 'kiprun' (mock),search,N/A,N/A,N/A,-1,https://trends.google.com/trends/explore,0.21,low,Cluster 2 rows | momentum=0.23 early_market=0.20 innovation=0.30 gap=0.15 | workflow=monitor | sources= | contains mock/simulated evidence,2026-06-19T12:14:42Z,csv,/Users/sarah/GitHub/hercode-zenline-hackathon/scored_opportunities.csv,scoring.py
google_trends_CH_momentum_fallback_mock,CH,backpack,Search velocity for 'backpack' (mock),search,N/A,N/A,N/A,13,https://trends.google.com/trends/explore,0.33,low,Cluster 2 rows | momentum=0.57 early_market=0.20 innovation=0.30 gap=0.15 | workflow=monitor | sources= | contains mock/simulated evidence,2026-06-19T12:14:42Z,csv,/Users/sarah/GitHub/hercode-zenline-hackathon/scored_opportunities.csv,scoring.py
google_trends_CH_momentum_fallback_mock,CH,trail,Search velocity for 'trail' (mock),search,N/A,N/A,N/A,-1,https://trends.google.com/trends/explore,0.21,low,Cluster 2 rows | momentum=0.23 early_market=0.20 innovation=0.30 gap=0.15 | workflow=monitor | sources= | contains mock/simulated evidence,2026-06-19T12:14:42Z,csv,/Users/sarah/GitHub/hercode-zenline-hackathon/scored_opportunities.csv,scoring.py
google_trends_US_momentum_fallback_mock,US,Bergausrüstung günstig,Search velocity for 'Bergausrüstung günstig' (mock),search,N/A,N/A,N/A,-2,https://trends.google.com/trends/explore,0.24,low,Cluster 2 rows | momentum=0.20 early_market=0.40 innovation=0.30 gap=0.15 | workflow=monitor | sources= | contains mock/simulated evidence,2026-06-19T12:14:42Z,csv,/Users/sarah/GitHub/hercode-zenline-hackathon/scored_opportunities.csv,scoring.py
google_trends_US_momentum_fallback_mock,US,running,Search velocity for 'running' (mock),search,N/A,N/A,N/A,-2,https://trends.google.com/trends/explore,0.22,low,Cluster 2 rows | momentum=0.20 early_market=0.27 innovation=0.30 gap=0.15 | workflow=monitor | sources= | contains mock/simulated evidence,2026-06-19T12:14:42Z,csv,/Users/sarah/GitHub/hercode-zenline-hackathon/scored_opportunities.csv,scoring.py
google_trends_US_momentum_fallback_mock,US,kiprun,Search velocity for 'kiprun' (mock),search,N/A,N/A,N/A,22,https://trends.google.com/trends/explore,0.35,low,Cluster 2 rows | momentum=0.80 early_market=0.71 innovation=0.30 gap=0.15 | workflow=monitor | sources= | contains mock/simulated evidence,2026-06-19T12:14:42Z,csv,/Users/sarah/GitHub/hercode-zenline-hackathon/scored_opportunities.csv,scoring.py
google_trends_US_momentum_fallback_mock,US,backpack,Search velocity for 'backpack' (mock),search,N/A,N/A,N/A,13,https://trends.google.com/trends/explore,0.35,low,Cluster 2 rows | momentum=0.57 early_market=0.46 innovation=0.30 gap=0.15 | workflow=monitor | sources= | contains mock/simulated evidence,2026-06-19T12:14:42Z,csv,/Users/sarah/GitHub/hercode-zenline-hackathon/scored_opportunities.csv,scoring.py
google_trends_US_momentum_fallback_mock,US,trail,Search velocity for 'trail' (mock),search,N/A,N/A,N/A,14,https://trends.google.com/trends/explore,0.35,low,Cluster 2 rows | momentum=0.60 early_market=0.75 innovation=0.30 gap=0.15 | workflow=monitor | sources= | contains mock/simulated evidence,2026-06-19T12:14:42Z,csv,/Users/sarah/GitHub/hercode-zenline-hackathon/scored_opportunities.csv,scoring.py
google_trends_JP_momentum_fallback_mock,JP,Bergausrüstung günstig,Search velocity for 'Bergausrüstung günstig' (mock),search,N/A,N/A,N/A,15,https://trends.google.com/trends/explore,0.35,low,Cluster 2 rows | momentum=0.62 early_market=0.47 innovation=0.30 gap=0.15 | workflow=monitor | sources= | contains mock/simulated evidence,2026-06-19T12:14:42Z,csv,/Users/sarah/GitHub/hercode-zenline-hackathon/scored_opportunities.csv,scoring.py
google_trends_JP_momentum_fallback_mock,JP,running,Search velocity for 'running' (mock),search,N/A,N/A,N/A,-5,https://trends.google.com/trends/explore,0.24,low,Cluster 2 rows | momentum=0.12 early_market=0.50 innovation=0.30 gap=0.15 | workflow=monitor | sources= | contains mock/simulated evidence,2026-06-19T12:14:42Z,csv,/Users/sarah/GitHub/hercode-zenline-hackathon/scored_opportunities.csv,scoring.py
google_trends_JP_momentum_fallback_mock,JP,kiprun,Search velocity for 'kiprun' (mock),search,N/A,N/A,N/A,-2,https://trends.google.com/trends/explore,0.21,low,Cluster 2 rows | momentum=0.20 early_market=0.22 innovation=0.30 gap=0.15 | workflow=monitor | sources= | contains mock/simulated evidence,2026-06-19T12:14:42Z,csv,/Users/sarah/GitHub/hercode-zenline-hackathon/scored_opportunities.csv,scoring.py
google_trends_JP_momentum_fallback_mock,JP,backpack,Search velocity for 'backpack' (mock),search,N/A,N/A,N/A,3,https://trends.google.com/trends/explore,0.32,low,Cluster 2 rows | momentum=0.33 early_market=0.50 innovation=0.30 gap=0.15 | workflow=monitor | sources= | contains mock/simulated evidence,2026-06-19T12:14:42Z,csv,/Users/sarah/GitHub/hercode-zenline-hackathon/scored_opportunities.csv,scoring.py
google_trends_JP_momentum_fallback_mock,JP,trail,Search velocity for 'trail' (mock),search,N/A,N/A,N/A,16,https://trends.google.com/trends/explore,0.35,low,Cluster 2 rows | momentum=0.65 early_market=0.64 innovation=0.30 gap=0.15 | workflow=monitor | sources= | contains mock/simulated evidence,2026-06-19T12:14:42Z,csv,/Users/sarah/GitHub/hercode-zenline-hackathon/scored_opportunities.csv,scoring.py
google_trends_global_seasonal_fallback_mock,global,Bergausrüstung günstig,Search velocity for 'Bergausrüstung günstig' (mock),search,N/A,N/A,N/A,-2,https://trends.google.com/trends/explore,0.35,low,Cluster 2 rows | momentum=0.72 early_market=0.51 innovation=0.30 gap=0.15 | workflow=monitor | sources= | contains mock/simulated evidence,2026-06-19T12:14:42Z,csv,/Users/sarah/GitHub/hercode-zenline-hackathon/scored_opportunities.csv,scoring.py
google_trends_global_seasonal_fallback_mock,global,running,Search velocity for 'running' (mock),search,N/A,N/A,N/A,12,https://trends.google.com/trends/explore,0.34,low,Cluster 2 rows | momentum=0.45 early_market=0.55 innovation=0.30 gap=0.15 | workflow=monitor | sources= | contains mock/simulated evidence,2026-06-19T12:14:42Z,csv,/Users/sarah/GitHub/hercode-zenline-hackathon/scored_opportunities.csv,scoring.py
google_trends_global_seasonal_fallback_mock,global,kiprun,Search velocity for 'kiprun' (mock),search,N/A,N/A,N/A,15,https://trends.google.com/trends/explore,0.35,low,Cluster 2 rows | momentum=0.88 early_market=0.80 innovation=0.30 gap=0.15 | workflow=monitor | sources= | contains mock/simulated evidence,2026-06-19T12:14:42Z,csv,/Users/sarah/GitHub/hercode-zenline-hackathon/scored_opportunities.csv,scoring.py
google_trends_global_seasonal_fallback_mock,global,backpack,Search velocity for 'backpack' (mock),search,N/A,N/A,N/A,24,https://trends.google.com/trends/explore,0.35,low,Cluster 2 rows | momentum=0.72 early_market=0.84 innovation=0.30 gap=0.15 | workflow=monitor | sources= | contains mock/simulated evidence,2026-06-19T12:14:42Z,csv,/Users/sarah/GitHub/hercode-zenline-hackathon/scored_opportunities.csv,scoring.py
google_trends_global_seasonal_fallback_mock,global,trail,Search velocity for 'trail' (mock),search,N/A,N/A,N/A,6,https://trends.google.com/trends/explore,0.22,low,Cluster 2 rows | momentum=0.17 early_market=0.34 innovation=0.30 gap=0.15 | workflow=monitor | sources= | contains mock/simulated evidence,2026-06-19T12:14:42Z,csv,/Users/sarah/GitHub/hercode-zenline-hackathon/scored_opportunities.csv,scoring.py
google_trends_CH_seasonal_fallback_mock,CH,Bergausrüstung günstig,Search velocity for 'Bergausrüstung günstig' (mock),search,N/A,N/A,N/A,24,https://trends.google.com/trends/explore,0.32,low,Cluster 2 rows | momentum=0.65 early_market=0.20 innovation=0.30 gap=0.15 | workflow=monitor | sources= | contains mock/simulated evidence,2026-06-19T12:14:42Z,csv,/Users/sarah/GitHub/hercode-zenline-hackathon/scored_opportunities.csv,scoring.py
google_trends_CH_seasonal_fallback_mock,CH,running,Search velocity for 'running' (mock),search,N/A,N/A,N/A,21,https://trends.google.com/trends/explore,0.32,low,Cluster 2 rows | momentum=0.68 early_market=0.20 innovation=0.30 gap=0.15 | workflow=monitor | sources= | contains mock/simulated evidence,2026-06-19T12:14:42Z,csv,/Users/sarah/GitHub/hercode-zenline-hackathon/scored_opportunities.csv,scoring.py
google_trends_CH_seasonal_fallback_mock,CH,kiprun,Search velocity for 'kiprun' (mock),search,N/A,N/A,N/A,2,https://trends.google.com/trends/explore,0.21,low,Cluster 2 rows | momentum=0.23 early_market=0.20 innovation=0.30 gap=0.15 | workflow=monitor | sources= | contains mock/simulated evidence,2026-06-19T12:14:42Z,csv,/Users/sarah/GitHub/hercode-zenline-hackathon/scored_opportunities.csv,scoring.py
google_trends_CH_seasonal_fallback_mock,CH,backpack,Search velocity for 'backpack' (mock),search,N/A,N/A,N/A,10,https://trends.google.com/trends/explore,0.33,low,Cluster 2 rows | momentum=0.57 early_market=0.20 innovation=0.30 gap=0.15 | workflow=monitor | sources= | contains mock/simulated evidence,2026-06-19T12:14:42Z,csv,/Users/sarah/GitHub/hercode-zenline-hackathon/scored_opportunities.csv,scoring.py
google_trends_CH_seasonal_fallback_mock,CH,trail,Search velocity for 'trail' (mock),search,N/A,N/A,N/A,14,https://trends.google.com/trends/explore,0.21,low,Cluster 2 rows | momentum=0.23 early_market=0.20 innovation=0.30 gap=0.15 | workflow=monitor | sources= | contains mock/simulated evidence,2026-06-19T12:14:42Z,csv,/Users/sarah/GitHub/hercode-zenline-hackathon/scored_opportunities.csv,scoring.py
google_trends_US_seasonal_fallback_mock,US,Bergausrüstung günstig,Search velocity for 'Bergausrüstung günstig' (mock),search,N/A,N/A,N/A,10,https://trends.google.com/trends/explore,0.24,low,Cluster 2 rows | momentum=0.20 early_market=0.40 innovation=0.30 gap=0.15 | workflow=monitor | sources= | contains mock/simulated evidence,2026-06-19T12:14:42Z,csv,/Users/sarah/GitHub/hercode-zenline-hackathon/scored_opportunities.csv,scoring.py
google_trends_US_seasonal_fallback_mock,US,running,Search velocity for 'running' (mock),search,N/A,N/A,N/A,0,https://trends.google.com/trends/explore,0.22,low,Cluster 2 rows | momentum=0.20 early_market=0.27 innovation=0.30 gap=0.15 | workflow=monitor | sources= | contains mock/simulated evidence,2026-06-19T12:14:42Z,csv,/Users/sarah/GitHub/hercode-zenline-hackathon/scored_opportunities.csv,scoring.py
google_trends_US_seasonal_fallback_mock,US,kiprun,Search velocity for 'kiprun' (mock),search,N/A,N/A,N/A,11,https://trends.google.com/trends/explore,0.35,low,Cluster 2 rows | momentum=0.80 early_market=0.71 innovation=0.30 gap=0.15 | workflow=monitor | sources= | contains mock/simulated evidence,2026-06-19T12:14:42Z,csv,/Users/sarah/GitHub/hercode-zenline-hackathon/scored_opportunities.csv,scoring.py
google_trends_US_seasonal_fallback_mock,US,backpack,Search velocity for 'backpack' (mock),search,N/A,N/A,N/A,0,https://trends.google.com/trends/explore,0.35,low,Cluster 2 rows | momentum=0.57 early_market=0.46 innovation=0.30 gap=0.15 | workflow=monitor | sources= | contains mock/simulated evidence,2026-06-19T12:14:42Z,csv,/Users/sarah/GitHub/hercode-zenline-hackathon/scored_opportunities.csv,scoring.py
google_trends_US_seasonal_fallback_mock,US,trail,Search velocity for 'trail' (mock),search,N/A,N/A,N/A,22,https://trends.google.com/trends/explore,0.35,low,Cluster 2 rows | momentum=0.60 early_market=0.75 innovation=0.30 gap=0.15 | workflow=monitor | sources= | contains mock/simulated evidence,2026-06-19T12:14:42Z,csv,/Users/sarah/GitHub/hercode-zenline-hackathon/scored_opportunities.csv,scoring.py
google_trends_JP_seasonal_fallback_mock,JP,Bergausrüstung günstig,Search velocity for 'Bergausrüstung günstig' (mock),search,N/A,N/A,N/A,-1,https://trends.google.com/trends/explore,0.35,low,Cluster 2 rows | momentum=0.62 early_market=0.47 innovation=0.30 gap=0.15 | workflow=monitor | sources= | contains mock/simulated evidence,2026-06-19T12:14:42Z,csv,/Users/sarah/GitHub/hercode-zenline-hackathon/scored_opportunities.csv,scoring.py
google_trends_JP_seasonal_fallback_mock,JP,running,Search velocity for 'running' (mock),search,N/A,N/A,N/A,21,https://trends.google.com/trends/explore,0.24,low,Cluster 2 rows | momentum=0.12 early_market=0.50 innovation=0.30 gap=0.15 | workflow=monitor | sources= | contains mock/simulated evidence,2026-06-19T12:14:42Z,csv,/Users/sarah/GitHub/hercode-zenline-hackathon/scored_opportunities.csv,scoring.py
google_trends_JP_seasonal_fallback_mock,JP,kiprun,Search velocity for 'kiprun' (mock),search,N/A,N/A,N/A,-4,https://trends.google.com/trends/explore,0.21,low,Cluster 2 rows | momentum=0.20 early_market=0.22 innovation=0.30 gap=0.15 | workflow=monitor | sources= | contains mock/simulated evidence,2026-06-19T12:14:42Z,csv,/Users/sarah/GitHub/hercode-zenline-hackathon/scored_opportunities.csv,scoring.py
google_trends_JP_seasonal_fallback_mock,JP,backpack,Search velocity for 'backpack' (mock),search,N/A,N/A,N/A,13,https://trends.google.com/trends/explore,0.32,low,Cluster 2 rows | momentum=0.33 early_market=0.50 innovation=0.30 gap=0.15 | workflow=monitor | sources= | contains mock/simulated evidence,2026-06-19T12:14:42Z,csv,/Users/sarah/GitHub/hercode-zenline-hackathon/scored_opportunities.csv,scoring.py
google_trends_JP_seasonal_fallback_mock,JP,trail,Search velocity for 'trail' (mock),search,N/A,N/A,N/A,11,https://trends.google.com/trends/explore,0.35,low,Cluster 2 rows | momentum=0.65 early_market=0.64 innovation=0.30 gap=0.15 | workflow=monitor | sources= | contains mock/simulated evidence,2026-06-19T12:14:42Z,csv,/Users/sarah/GitHub/hercode-zenline-hackathon/scored_opportunities.csv,scoring.py
google_trends_global_momentum_fallback_mock,global,Swiss outdoor publication,Search velocity for 'Swiss outdoor publication' (mock),search,N/A,N/A,N/A,-3,https://trends.google.com/trends/explore,0.23,low,Cluster 2 rows | momentum=0.17 early_market=0.38 innovation=0.30 gap=0.15 | workflow=monitor | sources= | contains mock/simulated evidence,2026-06-19T12:14:42Z,csv,/Users/sarah/GitHub/hercode-zenline-hackathon/scored_opportunities.csv,scoring.py
google_trends_global_momentum_fallback_mock,global,Swiss outdoor gear affordable,Search velocity for 'Swiss outdoor gear affordable' (mock),search,N/A,N/A,N/A,-3,https://trends.google.com/trends/explore,0.26,low,Cluster 2 rows | momentum=0.17 early_market=0.54 innovation=0.30 gap=0.15 | workflow=monitor | sources= | contains mock/simulated evidence,2026-06-19T12:14:42Z,csv,/Users/sarah/GitHub/hercode-zenline-hackathon/scored_opportunities.csv,scoring.py
google_trends_global_momentum_fallback_mock,global,Schweizer Outdoorausrüstung günstig,Search velocity for 'Schweizer Outdoorausrüstung günstig' (mock),search,N/A,N/A,N/A,16,https://trends.google.com/trends/explore,0.35,low,Cluster 2 rows | momentum=0.65 early_market=0.62 innovation=0.30 gap=0.15 | workflow=monitor | sources= | contains mock/simulated evidence,2026-06-19T12:14:42Z,csv,/Users/sarah/GitHub/hercode-zenline-hackathon/scored_opportunities.csv,scoring.py
google_trends_global_momentum_fallback_mock,global,hiking equipment Switzerland budget,Search velocity for 'hiking equipment Switzerland budget' (mock),search,N/A,N/A,N/A,25,https://trends.google.com/trends/explore,0.35,low,Cluster 2 rows | momentum=0.88 early_market=0.60 innovation=0.30 gap=0.15 | workflow=monitor | sources= | contains mock/simulated evidence,2026-06-19T12:14:42Z,csv,/Users/sarah/GitHub/hercode-zenline-hackathon/scored_opportunities.csv,scoring.py
google_trends_global_momentum_fallback_mock,global,Alpine sport accessories CHF,Search velocity for 'Alpine sport accessories CHF' (mock),search,N/A,N/A,N/A,25,https://trends.google.com/trends/explore,0.35,low,Cluster 2 rows | momentum=0.88 early_market=0.85 innovation=0.30 gap=0.15 | workflow=monitor | sources= | contains mock/simulated evidence,2026-06-19T12:14:42Z,csv,/Users/sarah/GitHub/hercode-zenline-hackathon/scored_opportunities.csv,scoring.py
google_trends_CH_momentum_fallback_mock,CH,Swiss outdoor publication,Search velocity for 'Swiss outdoor publication' (mock),search,N/A,N/A,N/A,-4,https://trends.google.com/trends/explore,0.19,low,Cluster 2 rows | momentum=0.15 early_market=0.20 innovation=0.30 gap=0.15 | workflow=monitor | sources= | contains mock/simulated evidence,2026-06-19T12:14:42Z,csv,/Users/sarah/GitHub/hercode-zenline-hackathon/scored_opportunities.csv,scoring.py
google_trends_CH_momentum_fallback_mock,CH,Swiss outdoor gear affordable,Search velocity for 'Swiss outdoor gear affordable' (mock),search,N/A,N/A,N/A,15,https://trends.google.com/trends/explore,0.31,low,Cluster 2 rows | momentum=0.62 early_market=0.20 innovation=0.30 gap=0.15 | workflow=monitor | sources= | contains mock/simulated evidence,2026-06-19T12:14:42Z,csv,/Users/sarah/GitHub/hercode-zenline-hackathon/scored_opportunities.csv,scoring.py
google_trends_CH_momentum_fallback_mock,CH,Schweizer Outdoorausrüstung günstig,Search velocity for 'Schweizer Outdoorausrüstung günstig' (mock),search,N/A,N/A,N/A,21,https://trends.google.com/trends/explore,0.35,low,Cluster 2 rows | momentum=0.78 early_market=0.20 innovation=0.30 gap=0.15 | workflow=monitor | sources= | contains mock/simulated evidence,2026-06-19T12:14:42Z,csv,/Users/sarah/GitHub/hercode-zenline-hackathon/scored_opportunities.csv,scoring.py
google_trends_CH_momentum_fallback_mock,CH,hiking equipment Switzerland budget,Search velocity for 'hiking equipment Switzerland budget' (mock),search,N/A,N/A,N/A,-3,https://trends.google.com/trends/explore,0.2,low,Cluster 2 rows | momentum=0.17 early_market=0.20 innovation=0.30 gap=0.15 | workflow=monitor | sources= | contains mock/simulated evidence,2026-06-19T12:14:42Z,csv,/Users/sarah/GitHub/hercode-zenline-hackathon/scored_opportunities.csv,scoring.py
google_trends_CH_momentum_fallback_mock,CH,Alpine sport accessories CHF,Search velocity for 'Alpine sport accessories CHF' (mock),search,N/A,N/A,N/A,9,https://trends.google.com/trends/explore,0.27,low,Cluster 2 rows | momentum=0.47 early_market=0.20 innovation=0.30 gap=0.15 | workflow=monitor | sources= | contains mock/simulated evidence,2026-06-19T12:14:42Z,csv,/Users/sarah/GitHub/hercode-zenline-hackathon/scored_opportunities.csv,scoring.py
google_trends_US_momentum_fallback_mock,US,Swiss outdoor publication,Search velocity for 'Swiss outdoor publication' (mock),search,N/A,N/A,N/A,12,https://trends.google.com/trends/explore,0.33,low,Cluster 2 rows | momentum=0.55 early_market=0.39 innovation=0.30 gap=0.15 | workflow=monitor | sources= | contains mock/simulated evidence,2026-06-19T12:14:42Z,csv,/Users/sarah/GitHub/hercode-zenline-hackathon/scored_opportunities.csv,scoring.py
google_trends_US_momentum_fallback_mock,US,Swiss outdoor gear affordable,Search velocity for 'Swiss outdoor gear affordable' (mock),search,N/A,N/A,N/A,19,https://trends.google.com/trends/explore,0.35,low,Cluster 2 rows | momentum=0.72 early_market=0.50 innovation=0.30 gap=0.15 | workflow=monitor | sources= | contains mock/simulated evidence,2026-06-19T12:14:42Z,csv,/Users/sarah/GitHub/hercode-zenline-hackathon/scored_opportunities.csv,scoring.py
google_trends_US_momentum_fallback_mock,US,Schweizer Outdoorausrüstung günstig,Search velocity for 'Schweizer Outdoorausrüstung günstig' (mock),search,N/A,N/A,N/A,-1,https://trends.google.com/trends/explore,0.24,low,Cluster 2 rows | momentum=0.23 early_market=0.35 innovation=0.30 gap=0.15 | workflow=monitor | sources= | contains mock/simulated evidence,2026-06-19T12:14:42Z,csv,/Users/sarah/GitHub/hercode-zenline-hackathon/scored_opportunities.csv,scoring.py
google_trends_US_momentum_fallback_mock,US,hiking equipment Switzerland budget,Search velocity for 'hiking equipment Switzerland budget' (mock),search,N/A,N/A,N/A,18,https://trends.google.com/trends/explore,0.35,low,Cluster 2 rows | momentum=0.70 early_market=0.54 innovation=0.30 gap=0.15 | workflow=monitor | sources= | contains mock/simulated evidence,2026-06-19T12:14:42Z,csv,/Users/sarah/GitHub/hercode-zenline-hackathon/scored_opportunities.csv,scoring.py
google_trends_US_momentum_fallback_mock,US,Alpine sport accessories CHF,Search velocity for 'Alpine sport accessories CHF' (mock),search,N/A,N/A,N/A,1,https://trends.google.com/trends/explore,0.3,low,Cluster 2 rows | momentum=0.28 early_market=0.57 innovation=0.30 gap=0.15 | workflow=monitor | sources= | contains mock/simulated evidence,2026-06-19T12:14:42Z,csv,/Users/sarah/GitHub/hercode-zenline-hackathon/scored_opportunities.csv,scoring.py
google_trends_JP_momentum_fallback_mock,JP,Swiss outdoor publication,Search velocity for 'Swiss outdoor publication' (mock),search,N/A,N/A,N/A,16,https://trends.google.com/trends/explore,0.35,low,Cluster 2 rows | momentum=0.65 early_market=0.50 innovation=0.30 gap=0.15 | workflow=monitor | sources= | contains mock/simulated evidence,2026-06-19T12:14:42Z,csv,/Users/sarah/GitHub/hercode-zenline-hackathon/scored_opportunities.csv,scoring.py
google_trends_JP_momentum_fallback_mock,JP,Swiss outdoor gear affordable,Search velocity for 'Swiss outdoor gear affordable' (mock),search,N/A,N/A,N/A,9,https://trends.google.com/trends/explore,0.33,low,Cluster 2 rows | momentum=0.47 early_market=0.51 innovation=0.30 gap=0.15 | workflow=monitor | sources= | contains mock/simulated evidence,2026-06-19T12:14:42Z,csv,/Users/sarah/GitHub/hercode-zenline-hackathon/scored_opportunities.csv,scoring.py
google_trends_JP_momentum_fallback_mock,JP,Schweizer Outdoorausrüstung günstig,Search velocity for 'Schweizer Outdoorausrüstung günstig' (mock),search,N/A,N/A,N/A,-3,https://trends.google.com/trends/explore,0.22,low,Cluster 2 rows | momentum=0.17 early_market=0.33 innovation=0.30 gap=0.15 | workflow=monitor | sources= | contains mock/simulated evidence,2026-06-19T12:14:42Z,csv,/Users/sarah/GitHub/hercode-zenline-hackathon/scored_opportunities.csv,scoring.py
google_trends_JP_momentum_fallback_mock,JP,hiking equipment Switzerland budget,Search velocity for 'hiking equipment Switzerland budget' (mock),search,N/A,N/A,N/A,7,https://trends.google.com/trends/explore,0.3,low,Cluster 2 rows | momentum=0.42 early_market=0.42 innovation=0.30 gap=0.15 | workflow=monitor | sources= | contains mock/simulated evidence,2026-06-19T12:14:42Z,csv,/Users/sarah/GitHub/hercode-zenline-hackathon/scored_opportunities.csv,scoring.py
google_trends_JP_momentum_fallback_mock,JP,Alpine sport accessories CHF,Search velocity for 'Alpine sport accessories CHF' (mock),search,N/A,N/A,N/A,11,https://trends.google.com/trends/explore,0.35,low,Cluster 2 rows | momentum=0.53 early_market=0.74 innovation=0.30 gap=0.15 | workflow=monitor | sources= | contains mock/simulated evidence,2026-06-19T12:14:42Z,csv,/Users/sarah/GitHub/hercode-zenline-hackathon/scored_opportunities.csv,scoring.py
google_trends_global_seasonal_fallback_mock,global,Swiss outdoor publication,Search velocity for 'Swiss outdoor publication' (mock),search,N/A,N/A,N/A,9,https://trends.google.com/trends/explore,0.23,low,Cluster 2 rows | momentum=0.17 early_market=0.38 innovation=0.30 gap=0.15 | workflow=monitor | sources= | contains mock/simulated evidence,2026-06-19T12:14:42Z,csv,/Users/sarah/GitHub/hercode-zenline-hackathon/scored_opportunities.csv,scoring.py
google_trends_global_seasonal_fallback_mock,global,Swiss outdoor gear affordable,Search velocity for 'Swiss outdoor gear affordable' (mock),search,N/A,N/A,N/A,22,https://trends.google.com/trends/explore,0.26,low,Cluster 2 rows | momentum=0.17 early_market=0.54 innovation=0.30 gap=0.15 | workflow=monitor | sources= | contains mock/simulated evidence,2026-06-19T12:14:42Z,csv,/Users/sarah/GitHub/hercode-zenline-hackathon/scored_opportunities.csv,scoring.py
google_trends_global_seasonal_fallback_mock,global,Schweizer Outdoorausrüstung günstig,Search velocity for 'Schweizer Outdoorausrüstung günstig' (mock),search,N/A,N/A,N/A,10,https://trends.google.com/trends/explore,0.35,low,Cluster 2 rows | momentum=0.65 early_market=0.62 innovation=0.30 gap=0.15 | workflow=monitor | sources= | contains mock/simulated evidence,2026-06-19T12:14:42Z,csv,/Users/sarah/GitHub/hercode-zenline-hackathon/scored_opportunities.csv,scoring.py
google_trends_global_seasonal_fallback_mock,global,hiking equipment Switzerland budget,Search velocity for 'hiking equipment Switzerland budget' (mock),search,N/A,N/A,N/A,-1,https://trends.google.com/trends/explore,0.35,low,Cluster 2 rows | momentum=0.88 early_market=0.60 innovation=0.30 gap=0.15 | workflow=monitor | sources= | contains mock/simulated evidence,2026-06-19T12:14:42Z,csv,/Users/sarah/GitHub/hercode-zenline-hackathon/scored_opportunities.csv,scoring.py
google_trends_global_seasonal_fallback_mock,global,Alpine sport accessories CHF,Search velocity for 'Alpine sport accessories CHF' (mock),search,N/A,N/A,N/A,19,https://trends.google.com/trends/explore,0.35,low,Cluster 2 rows | momentum=0.88 early_market=0.85 innovation=0.30 gap=0.15 | workflow=monitor | sources= | contains mock/simulated evidence,2026-06-19T12:14:42Z,csv,/Users/sarah/GitHub/hercode-zenline-hackathon/scored_opportunities.csv,scoring.py
google_trends_CH_seasonal_fallback_mock,CH,Swiss outdoor publication,Search velocity for 'Swiss outdoor publication' (mock),search,N/A,N/A,N/A,14,https://trends.google.com/trends/explore,0.19,low,Cluster 2 rows | momentum=0.15 early_market=0.20 innovation=0.30 gap=0.15 | workflow=monitor | sources= | contains mock/simulated evidence,2026-06-19T12:14:42Z,csv,/Users/sarah/GitHub/hercode-zenline-hackathon/scored_opportunities.csv,scoring.py
google_trends_CH_seasonal_fallback_mock,CH,Swiss outdoor gear affordable,Search velocity for 'Swiss outdoor gear affordable' (mock),search,N/A,N/A,N/A,10,https://trends.google.com/trends/explore,0.31,low,Cluster 2 rows | momentum=0.62 early_market=0.20 innovation=0.30 gap=0.15 | workflow=monitor | sources= | contains mock/simulated evidence,2026-06-19T12:14:42Z,csv,/Users/sarah/GitHub/hercode-zenline-hackathon/scored_opportunities.csv,scoring.py
google_trends_CH_seasonal_fallback_mock,CH,Schweizer Outdoorausrüstung günstig,Search velocity for 'Schweizer Outdoorausrüstung günstig' (mock),search,N/A,N/A,N/A,10,https://trends.google.com/trends/explore,0.35,low,Cluster 2 rows | momentum=0.78 early_market=0.20 innovation=0.30 gap=0.15 | workflow=monitor | sources= | contains mock/simulated evidence,2026-06-19T12:14:42Z,csv,/Users/sarah/GitHub/hercode-zenline-hackathon/scored_opportunities.csv,scoring.py
google_trends_CH_seasonal_fallback_mock,CH,hiking equipment Switzerland budget,Search velocity for 'hiking equipment Switzerland budget' (mock),search,N/A,N/A,N/A,0,https://trends.google.com/trends/explore,0.2,low,Cluster 2 rows | momentum=0.17 early_market=0.20 innovation=0.30 gap=0.15 | workflow=monitor | sources= | contains mock/simulated evidence,2026-06-19T12:14:42Z,csv,/Users/sarah/GitHub/hercode-zenline-hackathon/scored_opportunities.csv,scoring.py
google_trends_CH_seasonal_fallback_mock,CH,Alpine sport accessories CHF,Search velocity for 'Alpine sport accessories CHF' (mock),search,N/A,N/A,N/A,-2,https://trends.google.com/trends/explore,0.27,low,Cluster 2 rows | momentum=0.47 early_market=0.20 innovation=0.30 gap=0.15 | workflow=monitor | sources= | contains mock/simulated evidence,2026-06-19T12:14:42Z,csv,/Users/sarah/GitHub/hercode-zenline-hackathon/scored_opportunities.csv,scoring.py
google_trends_US_seasonal_fallback_mock,US,Swiss outdoor publication,Search velocity for 'Swiss outdoor publication' (mock),search,N/A,N/A,N/A,-5,https://trends.google.com/trends/explore,0.33,low,Cluster 2 rows | momentum=0.55 early_market=0.39 innovation=0.30 gap=0.15 | workflow=monitor | sources= | contains mock/simulated evidence,2026-06-19T12:14:42Z,csv,/Users/sarah/GitHub/hercode-zenline-hackathon/scored_opportunities.csv,scoring.py
google_trends_US_seasonal_fallback_mock,US,Swiss outdoor gear affordable,Search velocity for 'Swiss outdoor gear affordable' (mock),search,N/A,N/A,N/A,-3,https://trends.google.com/trends/explore,0.35,low,Cluster 2 rows | momentum=0.72 early_market=0.50 innovation=0.30 gap=0.15 | workflow=monitor | sources= | contains mock/simulated evidence,2026-06-19T12:14:42Z,csv,/Users/sarah/GitHub/hercode-zenline-hackathon/scored_opportunities.csv,scoring.py
google_trends_US_seasonal_fallback_mock,US,Schweizer Outdoorausrüstung günstig,Search velocity for 'Schweizer Outdoorausrüstung günstig' (mock),search,N/A,N/A,N/A,5,https://trends.google.com/trends/explore,0.24,low,Cluster 2 rows | momentum=0.23 early_market=0.35 innovation=0.30 gap=0.15 | workflow=monitor | sources= | contains mock/simulated evidence,2026-06-19T12:14:42Z,csv,/Users/sarah/GitHub/hercode-zenline-hackathon/scored_opportunities.csv,scoring.py
google_trends_US_seasonal_fallback_mock,US,hiking equipment Switzerland budget,Search velocity for 'hiking equipment Switzerland budget' (mock),search,N/A,N/A,N/A,1,https://trends.google.com/trends/explore,0.35,low,Cluster 2 rows | momentum=0.70 early_market=0.54 innovation=0.30 gap=0.15 | workflow=monitor | sources= | contains mock/simulated evidence,2026-06-19T12:14:42Z,csv,/Users/sarah/GitHub/hercode-zenline-hackathon/scored_opportunities.csv,scoring.py
google_trends_US_seasonal_fallback_mock,US,Alpine sport accessories CHF,Search velocity for 'Alpine sport accessories CHF' (mock),search,N/A,N/A,N/A,21,https://trends.google.com/trends/explore,0.3,low,Cluster 2 rows | momentum=0.28 early_market=0.57 innovation=0.30 gap=0.15 | workflow=monitor | sources= | contains mock/simulated evidence,2026-06-19T12:14:42Z,csv,/Users/sarah/GitHub/hercode-zenline-hackathon/scored_opportunities.csv,scoring.py
google_trends_JP_seasonal_fallback_mock,JP,Swiss outdoor publication,Search velocity for 'Swiss outdoor publication' (mock),search,N/A,N/A,N/A,0,https://trends.google.com/trends/explore,0.35,low,Cluster 2 rows | momentum=0.65 early_market=0.50 innovation=0.30 gap=0.15 | workflow=monitor | sources= | contains mock/simulated evidence,2026-06-19T12:14:42Z,csv,/Users/sarah/GitHub/hercode-zenline-hackathon/scored_opportunities.csv,scoring.py
google_trends_JP_seasonal_fallback_mock,JP,Swiss outdoor gear affordable,Search velocity for 'Swiss outdoor gear affordable' (mock),search,N/A,N/A,N/A,8,https://trends.google.com/trends/explore,0.33,low,Cluster 2 rows | momentum=0.47 early_market=0.51 innovation=0.30 gap=0.15 | workflow=monitor | sources= | contains mock/simulated evidence,2026-06-19T12:14:42Z,csv,/Users/sarah/GitHub/hercode-zenline-hackathon/scored_opportunities.csv,scoring.py
google_trends_JP_seasonal_fallback_mock,JP,Schweizer Outdoorausrüstung günstig,Search velocity for 'Schweizer Outdoorausrüstung günstig' (mock),search,N/A,N/A,N/A,5,https://trends.google.com/trends/explore,0.22,low,Cluster 2 rows | momentum=0.17 early_market=0.33 innovation=0.30 gap=0.15 | workflow=monitor | sources= | contains mock/simulated evidence,2026-06-19T12:14:42Z,csv,/Users/sarah/GitHub/hercode-zenline-hackathon/scored_opportunities.csv,scoring.py
google_trends_JP_seasonal_fallback_mock,JP,hiking equipment Switzerland budget,Search velocity for 'hiking equipment Switzerland budget' (mock),search,N/A,N/A,N/A,3,https://trends.google.com/trends/explore,0.3,low,Cluster 2 rows | momentum=0.42 early_market=0.42 innovation=0.30 gap=0.15 | workflow=monitor | sources= | contains mock/simulated evidence,2026-06-19T12:14:42Z,csv,/Users/sarah/GitHub/hercode-zenline-hackathon/scored_opportunities.csv,scoring.py
google_trends_JP_seasonal_fallback_mock,JP,Alpine sport accessories CHF,Search velocity for 'Alpine sport accessories CHF' (mock),search,N/A,N/A,N/A,24,https://trends.google.com/trends/explore,0.35,low,Cluster 2 rows | momentum=0.53 early_market=0.74 innovation=0.30 gap=0.15 | workflow=monitor | sources= | contains mock/simulated evidence,2026-06-19T12:14:42Z,csv,/Users/sarah/GitHub/hercode-zenline-hackathon/scored_opportunities.csv,scoring.py
google_trends_global_momentum_fallback_mock,global,outdoor clothing Swiss market,Search velocity for 'outdoor clothing Swiss market' (mock),search,N/A,N/A,N/A,10,https://trends.google.com/trends/explore,0.35,low,Cluster 2 rows | momentum=0.50 early_market=0.69 innovation=0.30 gap=0.15 | workflow=monitor | sources= | contains mock/simulated evidence,2026-06-19T12:14:42Z,csv,/Users/sarah/GitHub/hercode-zenline-hackathon/scored_opportunities.csv,scoring.py
google_trends_CH_momentum_fallback_mock,CH,outdoor clothing Swiss market,Search velocity for 'outdoor clothing Swiss market' (mock),search,N/A,N/A,N/A,21,https://trends.google.com/trends/explore,0.35,low,Cluster 2 rows | momentum=0.78 early_market=0.20 innovation=0.30 gap=0.15 | workflow=monitor | sources= | contains mock/simulated evidence,2026-06-19T12:14:42Z,csv,/Users/sarah/GitHub/hercode-zenline-hackathon/scored_opportunities.csv,scoring.py
google_trends_US_momentum_fallback_mock,US,outdoor clothing Swiss market,Search velocity for 'outdoor clothing Swiss market' (mock),search,N/A,N/A,N/A,19,https://trends.google.com/trends/explore,0.35,low,Cluster 2 rows | momentum=0.72 early_market=0.81 innovation=0.30 gap=0.15 | workflow=monitor | sources= | contains mock/simulated evidence,2026-06-19T12:14:42Z,csv,/Users/sarah/GitHub/hercode-zenline-hackathon/scored_opportunities.csv,scoring.py
google_trends_JP_momentum_fallback_mock,JP,outdoor clothing Swiss market,Search velocity for 'outdoor clothing Swiss market' (mock),search,N/A,N/A,N/A,17,https://trends.google.com/trends/explore,0.35,low,Cluster 2 rows | momentum=0.68 early_market=0.76 innovation=0.30 gap=0.15 | workflow=monitor | sources= | contains mock/simulated evidence,2026-06-19T12:14:42Z,csv,/Users/sarah/GitHub/hercode-zenline-hackathon/scored_opportunities.csv,scoring.py
google_trends_global_seasonal_fallback_mock,global,outdoor clothing Swiss market,Search velocity for 'outdoor clothing Swiss market' (mock),search,N/A,N/A,N/A,21,https://trends.google.com/trends/explore,0.35,low,Cluster 2 rows | momentum=0.50 early_market=0.69 innovation=0.30 gap=0.15 | workflow=monitor | sources= | contains mock/simulated evidence,2026-06-19T12:14:42Z,csv,/Users/sarah/GitHub/hercode-zenline-hackathon/scored_opportunities.csv,scoring.py
google_trends_CH_seasonal_fallback_mock,CH,outdoor clothing Swiss market,Search velocity for 'outdoor clothing Swiss market' (mock),search,N/A,N/A,N/A,7,https://trends.google.com/trends/explore,0.35,low,Cluster 2 rows | momentum=0.78 early_market=0.20 innovation=0.30 gap=0.15 | workflow=monitor | sources= | contains mock/simulated evidence,2026-06-19T12:14:42Z,csv,/Users/sarah/GitHub/hercode-zenline-hackathon/scored_opportunities.csv,scoring.py
google_trends_US_seasonal_fallback_mock,US,outdoor clothing Swiss market,Search velocity for 'outdoor clothing Swiss market' (mock),search,N/A,N/A,N/A,22,https://trends.google.com/trends/explore,0.35,low,Cluster 2 rows | momentum=0.72 early_market=0.81 innovation=0.30 gap=0.15 | workflow=monitor | sources= | contains mock/simulated evidence,2026-06-19T12:14:42Z,csv,/Users/sarah/GitHub/hercode-zenline-hackathon/scored_opportunities.csv,scoring.py
google_trends_JP_seasonal_fallback_mock,JP,outdoor clothing Swiss market,Search velocity for 'outdoor clothing Swiss market' (mock),search,N/A,N/A,N/A,20,https://trends.google.com/trends/explore,0.35,low,Cluster 2 rows | momentum=0.68 early_market=0.76 innovation=0.30 gap=0.15 | workflow=monitor | sources= | contains mock/simulated evidence,2026-06-19T12:14:42Z,csv,/Users/sarah/GitHub/hercode-zenline-hackathon/scored_opportunities.csv,scoring.py
bergfreunde_fallback_mock,DE/CH,backpack,New arrival: Ultraleicht Laufrucksack 12L,competitor,Ultraleicht Laufrucksack 12L,Salomon,"79,95 EUR",N/A,https://www.bergfreunde.de/salomon-laufrucksack-12l/,0.18,low,Cluster 1 rows | momentum=0.00 early_market=0.20 innovation=0.30 gap=0.15 | workflow=monitor | sources= | contains mock/simulated evidence,2026-06-19T12:14:24Z,csv,/Users/sarah/GitHub/hercode-zenline-hackathon/scored_opportunities.csv,scoring.py
bergfreunde_fallback_mock,DE/CH,backpack,New arrival: Fastpacking Zelt 1-Personen,competitor,Fastpacking Zelt 1-Personen,MSR,"349,00 EUR",N/A,https://www.bergfreunde.de/msr-fastpacking-zelt/,0.18,low,Cluster 1 rows | momentum=0.00 early_market=0.20 innovation=0.30 gap=0.15 | workflow=monitor | sources= | contains mock/simulated evidence,2026-06-19T12:14:24Z,csv,/Users/sarah/GitHub/hercode-zenline-hackathon/scored_opportunities.csv,scoring.py
rei_fallback_mock,US,backpack,New arrival: Trailmade Trail Running Vest,competitor,Trailmade Trail Running Vest,REI Co-op,$59.95,N/A,https://www.rei.com/product/trailmade-trail-running-vest,0.18,low,Cluster 1 rows | momentum=0.00 early_market=0.20 innovation=0.30 gap=0.15 | workflow=monitor | sources= | contains mock/simulated evidence,2026-06-19T12:14:34Z,csv,/Users/sarah/GitHub/hercode-zenline-hackathon/scored_opportunities.csv,scoring.py
rei_fallback_mock,US,footwear,New arrival: Speedgoat 6 Trail Running Shoe,competitor,Speedgoat 6 Trail Running Shoe,HOKA,$155.00,N/A,https://www.rei.com/product/hoka-speedgoat-6,0.18,low,Cluster 1 rows | momentum=0.00 early_market=0.20 innovation=0.30 gap=0.15 | workflow=monitor | sources= | contains mock/simulated evidence,2026-06-19T12:14:34Z,csv,/Users/sarah/GitHub/hercode-zenline-hackathon/scored_opportunities.csv,scoring.py
decathlon,US,backpack,New arrival: 10L Laptop Backpack,competitor,10L Laptop Backpack,Decathlon,39.99,N/A,https://www.decathlon.com/products/10l-laptop-backpack-1,0.19,low,Cluster 4 rows | momentum=0.00 early_market=0.20 innovation=0.30 gap=0.15 | workflow=monitor | sources=decathlon,2026-06-19T12:14:34Z,csv,/Users/sarah/GitHub/hercode-zenline-hackathon/scored_opportunities.csv,scoring.py
decathlon,US,backpack,New arrival: 10L Laptop Backpack,competitor,10L Laptop Backpack,Decathlon,39.99,N/A,https://www.decathlon.com/products/10l-laptop-backpack,0.19,low,Cluster 4 rows | momentum=0.00 early_market=0.20 innovation=0.30 gap=0.15 | workflow=monitor | sources=decathlon,2026-06-19T12:14:34Z,csv,/Users/sarah/GitHub/hercode-zenline-hackathon/scored_opportunities.csv,scoring.py
decathlon,US,footwear,New arrival: Kiprun Kipride Men's Running Shoes,competitor,Kiprun Kipride Men's Running Shoes,Kiprun,140.00,N/A,https://www.decathlon.com/products/kiprun-kipride-mens-running-shoes-380020,0.16,low,Cluster 3 rows | momentum=0.00 early_market=0.20 innovation=0.30 gap=0.15 | workflow=monitor | sources=decathlon,2026-06-19T12:14:34Z,csv,/Users/sarah/GitHub/hercode-zenline-hackathon/scored_opportunities.csv,scoring.py
decathlon,US,general,New arrival: 28L Sports Bag with Waterproof Pocket,competitor,28L Sports Bag with Waterproof Pocket,Decathlon,44.99,N/A,https://www.decathlon.com/products/28l-sports-bag-with-waterproof-pocket,0.16,low,Cluster 2 rows | momentum=0.00 early_market=0.20 innovation=0.30 gap=0.15 | workflow=monitor | sources=decathlon,2026-06-19T12:14:34Z,csv,/Users/sarah/GitHub/hercode-zenline-hackathon/scored_opportunities.csv,scoring.py
decathlon,US,backpack,New arrival: 29L Rolltop Backpack,competitor,29L Rolltop Backpack,Decathlon,89.99,N/A,https://www.decathlon.com/products/29l-rolltop-backpack,0.19,low,Cluster 4 rows | momentum=0.00 early_market=0.20 innovation=0.30 gap=0.15 | workflow=monitor | sources=decathlon,2026-06-19T12:14:34Z,csv,/Users/sarah/GitHub/hercode-zenline-hackathon/scored_opportunities.csv,scoring.py
decathlon,US,footwear,New arrival: Kiprun Kipride Women's Running Shoes,competitor,Kiprun Kipride Women's Running Shoes,Kiprun,140.00,N/A,https://www.decathlon.com/products/kiprun-kipride-womens-running-shoes-copy,0.16,low,Cluster 3 rows | momentum=0.00 early_market=0.20 innovation=0.30 gap=0.15 | workflow=monitor | sources=decathlon,2026-06-19T12:14:34Z,csv,/Users/sarah/GitHub/hercode-zenline-hackathon/scored_opportunities.csv,scoring.py
decathlon,US,footwear,New arrival: Kiprun Kipstorm Lab Unisex Carbon Plate Running Shoes,competitor,Kiprun Kipstorm Lab Unisex Carbon Plate Running Shoes,Kiprun,350.00,N/A,https://www.decathlon.com/products/kiprun-kipstorm-lab-mens-carbon-plate-running-shoes-369831,0.16,low,Cluster 3 rows | momentum=0.00 early_market=0.20 innovation=0.30 gap=0.15 | workflow=monitor | sources=decathlon,2026-06-19T12:14:34Z,csv,/Users/sarah/GitHub/hercode-zenline-hackathon/scored_opportunities.csv,scoring.py
decathlon,US,general,New arrival: 2 SECONDS EASY Fresh and Black - 3 Person,competitor,2 SECONDS EASY Fresh and Black - 3 Person,Quechua,359.00,N/A,https://www.decathlon.com/products/2-seconds-easy-fresh-and-black-3-person,0.16,low,Cluster 1 rows | momentum=0.00 early_market=0.20 innovation=0.30 gap=0.15 | workflow=monitor | sources=decathlon,2026-06-19T12:14:34Z,csv,/Users/sarah/GitHub/hercode-zenline-hackathon/scored_opportunities.csv,scoring.py
decathlon,US,backpack,New arrival: 29L Rolltop Backpack,competitor,29L Rolltop Backpack,Decathlon,89.99,N/A,https://www.decathlon.com/products/29l-rolltop-backpack-1,0.19,low,Cluster 4 rows | momentum=0.00 early_market=0.20 innovation=0.30 gap=0.15 | workflow=monitor | sources=decathlon,2026-06-19T12:14:34Z,csv,/Users/sarah/GitHub/hercode-zenline-hackathon/scored_opportunities.csv,scoring.py
decathlon,US,backpack,New arrival: Quechua 100 Arpenaz 20L Hiking Backpack,competitor,Quechua 100 Arpenaz 20L Hiking Backpack,Quechua,32.99,N/A,https://www.decathlon.com/products/quechua-100-arpenaz-20l-hiking-backpack-368816,0.19,low,Cluster 2 rows | momentum=0.00 early_market=0.20 innovation=0.30 gap=0.15 | workflow=monitor | sources=decathlon,2026-06-19T12:14:34Z,csv,/Users/sarah/GitHub/hercode-zenline-hackathon/scored_opportunities.csv,scoring.py
decathlon,US,backpack,New arrival: Quechua 100 Arpenaz 27L Hiking Backpack,competitor,Quechua 100 Arpenaz 27L Hiking Backpack,Quechua,39.99,N/A,https://www.decathlon.com/products/quechua-100-arpenaz-27-l-hiking-backpack-380447,0.19,low,Cluster 2 rows | momentum=0.00 early_market=0.20 innovation=0.30 gap=0.15 | workflow=monitor | sources=decathlon,2026-06-19T12:14:34Z,csv,/Users/sarah/GitHub/hercode-zenline-hackathon/scored_opportunities.csv,scoring.py
decathlon,US,general,New arrival: 28L Sports Bag with Waterproof Pocket,competitor,28L Sports Bag with Waterproof Pocket,Decathlon,44.99,N/A,https://www.decathlon.com/products/28l-sports-bag-with-waterproof-pocket-1,0.16,low,Cluster 2 rows | momentum=0.00 early_market=0.20 innovation=0.30 gap=0.15 | workflow=monitor | sources=decathlon,2026-06-19T12:14:34Z,csv,/Users/sarah/GitHub/hercode-zenline-hackathon/scored_opportunities.csv,scoring.py
decathlon,US,camping,New arrival: Arpenaz 4.1 Fresh & Black Camping Tent - 4-person,competitor,Arpenaz 4.1 Fresh & Black Camping Tent - 4-person,Quechua,329.00,N/A,https://www.decathlon.com/products/arpenaz-4-1-fresh-black-camping-tent-4-person,0.19,low,Cluster 1 rows | momentum=0.00 early_market=0.20 innovation=0.30 gap=0.15 | workflow=monitor | sources=decathlon,2026-06-19T12:14:34Z,csv,/Users/sarah/GitHub/hercode-zenline-hackathon/scored_opportunities.csv,scoring.py
decathlon,US,backpack,New arrival: Forclaz Adult MT500 Touchscreen Stretch Backpacking Gloves,competitor,Forclaz Adult MT500 Touchscreen Stretch Backpacking Gloves,Forclaz,29.99,N/A,https://www.decathlon.com/products/simond-forclaz-adult-mt500-touchscreen-stretch-backpacking-gloves-335330,0.19,low,Cluster 2 rows | momentum=0.00 early_market=0.20 innovation=0.30 gap=0.15 | workflow=monitor | sources=decathlon,2026-06-19T12:14:34Z,csv,/Users/sarah/GitHub/hercode-zenline-hackathon/scored_opportunities.csv,scoring.py
decathlon,US,backpack,New arrival: Forclaz Travel 500 Organizer 40 L Backpack,competitor,Forclaz Travel 500 Organizer 40 L Backpack,Forclaz,99.99,N/A,https://www.decathlon.com/products/forclaz-travel-500-organizer-40-l-backpack-338564,0.19,low,Cluster 2 rows | momentum=0.00 early_market=0.20 innovation=0.30 gap=0.15 | workflow=monitor | sources=decathlon,2026-06-19T12:14:34Z,csv,/Users/sarah/GitHub/hercode-zenline-hackathon/scored_opportunities.csv,scoring.py
decathlon,US,backpack,New arrival: Kiprun 15L Ultra Trail Running Hydration Vest - 2L Water Bladder Included,competitor,Kiprun 15L Ultra Trail Running Hydration Vest - 2L Water Bladder Included,Kiprun,160.00,N/A,https://www.decathlon.com/products/kiprun-15l-unisex-trail-running-bag-338987,0.19,low,Cluster 1 rows | momentum=0.00 early_market=0.20 innovation=0.30 gap=0.15 | workflow=monitor | sources=decathlon,2026-06-19T12:14:34Z,csv,/Users/sarah/GitHub/hercode-zenline-hackathon/scored_opportunities.csv,scoring.py
decathlon,US,general,New arrival: Kiprun 3-piece Carbon Folding Trail Running Poles,competitor,Kiprun 3-piece Carbon Folding Trail Running Poles,Kiprun,159.00,N/A,https://www.decathlon.com/products/kiprun-3-piece-carbon-folding-trail-running-poles-301979,0.16,low,Cluster 4 rows | momentum=0.00 early_market=0.20 innovation=0.30 gap=0.15 | workflow=monitor | sources=decathlon,2026-06-19T12:14:34Z,csv,/Users/sarah/GitHub/hercode-zenline-hackathon/scored_opportunities.csv,scoring.py
decathlon,US,general,New arrival: Kiprun 5 L Trail Running Bag - 1 L Water Bladder Included,competitor,Kiprun 5 L Trail Running Bag - 1 L Water Bladder Included,Kiprun,74.99,N/A,https://www.decathlon.com/products/bag-trail-running-5l-blue-312059,0.16,low,Cluster 4 rows | momentum=0.00 early_market=0.20 innovation=0.30 gap=0.15 | workflow=monitor | sources=decathlon,2026-06-19T12:14:34Z,csv,/Users/sarah/GitHub/hercode-zenline-hackathon/scored_opportunities.csv,scoring.py
decathlon,US,general,New arrival: Kiprun 500 8L Trail Running Bag + 1L Water Bladder,competitor,Kiprun 500 8L Trail Running Bag + 1L Water Bladder,Kiprun,99.99,N/A,https://www.decathlon.com/products/kiprun-500-8l-trail-running-bag-1l-water-bladder-352164,0.16,low,Cluster 4 rows | momentum=0.00 early_market=0.20 innovation=0.30 gap=0.15 | workflow=monitor | sources=decathlon,2026-06-19T12:14:34Z,csv,/Users/sarah/GitHub/hercode-zenline-hackathon/scored_opportunities.csv,scoring.py
decathlon,US,general,New arrival: Kiprun 500 Thick Mid Running Socks - 2 Pairs,competitor,Kiprun 500 Thick Mid Running Socks - 2 Pairs,Kiprun,11.99,N/A,https://www.decathlon.com/products/kiprun-500-thick-mid-running-socks-2-pairs-348137,0.16,low,Cluster 4 rows | momentum=0.00 early_market=0.20 innovation=0.30 gap=0.15 | workflow=monitor | sources=decathlon,2026-06-19T12:14:34Z,csv,/Users/sarah/GitHub/hercode-zenline-hackathon/scored_opportunities.csv,scoring.py
